accession	species	hirsuticaulis_blue	fumosimontana	hirsuticaulis_red	americana_green	calycosa_yellow	grayana_orange	alba_lavender	caroliniana	brevipetala_brown	richardsonii	brevipetala_pink
A1-1	CALYCOSA	0.000013	0.135848	0.000013	0.000013	0.864039	0.000013	0.000013	0.000013	0.000013	0.000013	0.000013
A1-2	CALYCOSA	0.000013	0.000013	0.000013	0.000013	0.999874	0.000013	0.000013	0.000013	0.000013	0.000013	0.000013
A1-3	CALYCOSA	0.000013	0.225333	0.000013	0.000013	0.774554	0.000013	0.000013	0.000013	0.000013	0.000013	0.000013
A1-4	CALYCOSA	0.000013	0.250428	0.000013	0.000013	0.74946	0.000013	0.000013	0.000013	0.000013	0.000013	0.000013
A10-1	BREVIPETALA	0.000013	0.034578	0.000013	0.000013	0.000013	0.000013	0.000013	0.000013	0.000013	0.000013	0.96531
A10-2	BREVIPETALA	0.000013	0.000013	0.000013	0.000013	0.000013	0.000013	0.000013	0.000013	0.000013	0.000013	0.999874
A10-3	BREVIPETALA	0.000013	0.000013	0.000013	0.000013	0.000013	0.000013	0.000013	0.000013	0.000013	0.000013	0.999874
A10-4	BREVIPETALA	0.000013	0.000013	0.000013	0.000013	0.000013	0.000013	0.000013	0.000013	0.000013	0.000013	0.999867
A10-5	BREVIPETALA	0.000013	0.000013	0.000013	0.000013	0.000013	0.000013	0.000013	0.000013	0.000013	0.000013	0.999874
A10-6	BREVIPETALA	0.000013	0.000013	0.000013	0.000013	0.000013	0.000013	0.000013	0.000013	0.000013	0.000013	0.999874
A10-7	BREVIPETALA	0.000013	0.000013	0.000013	0.000013	0.000013	0.000013	0.000013	0.000013	0.000013	0.000013	0.99987
A10-8	BREVIPETALA	0.000013	0.000013	0.000013	0.000013	0.020608	0.000013	0.000013	0.000013	0.000013	0.000013	0.979279
A11-1	BREVIPETALA	0.000013	0.000013	0.000013	0.000013	0.000013	0.000013	0.000013	0.000013	0.000013	0.000013	0.999875
A11-2	BREVIPETALA	0.000014	0.000014	0.000014	0.000014	0.000014	0.000014	0.000014	0.000014	0.000014	0.000014	0.999863
A11-3	BREVIPETALA	0.000013	0.000013	0.000013	0.000013	0.000013	0.000013	0.000013	0.000013	0.108705	0.000013	0.891181
A11-4	BREVIPETALA	0.000015	0.000015	0.000015	0.000015	0.000015	0.000015	0.000015	0.000015	0.000015	0.000015	0.999855
A11-5	BREVIPETALA	0.000013	0.000013	0.000013	0.000013	0.000013	0.000013	0.000013	0.000013	0.000013	0.000013	0.999874
A11-6	BREVIPETALA	0.000016	0.000016	0.000016	0.000016	0.000016	0.000016	0.037832	0.000016	0.000016	0.000016	0.962024
A11-7	BREVIPETALA	0.000013	0.000013	0.000013	0.000013	0.000013	0.000013	0.000013	0.000013	0.000013	0.000013	0.999874
A11-8	BREVIPETALA	0.000014	0.000014	0.000014	0.000014	0.000014	0.000014	0.000014	0.000014	0.000014	0.000014	0.999861
A13-1	HIRSUTICAULIS	0.020226	0.000013	0.150215	0.000013	0.000013	0.000013	0.000013	0.000013	0.259144	0.000013	0.570326
A13-2	HIRSUTICAULIS	0.000015	0.000015	0.165016	0.000015	0.000015	0.000015	0.000015	0.000015	0.29751	0.000015	0.537351
A13-3	HIRSUTICAULIS	0.075885	0.000013	0.000013	0.000013	0.000013	0.000013	0.000013	0.000013	0.281523	0.000013	0.642489
A13-4	HIRSUTICAULIS	0.000013	0.000013	0.199922	0.000013	0.000013	0.000013	0.000013	0.000013	0.134422	0.000013	0.665555
A13-5	HIRSUTICAULIS	0.030927	0.000013	0.000013	0.000013	0.000013	0.110204	0.000013	0.000013	0.383794	0.000013	0.474986
A13-6	HIRSUTICAULIS	0.000013	0.000013	0.342722	0.000013	0.000013	0.000013	0.000013	0.000013	0.194183	0.000013	0.462994
A13-7	HIRSUTICAULIS	0.000013	0.000013	0.208484	0.000013	0.000013	0.000013	0.000013	0.000013	0.337995	0.000013	0.45342
A13-8	HIRSUTICAULIS	0.000013	0.000013	0.174372	0.000013	0.000013	0.000013	0.000013	0.000013	0.189324	0.136816	0.4994
A13-9	HIRSUTICAULIS	0.000013	0.000013	0.119743	0.000013	0.000013	0.000013	0.000013	0.000013	0.264585	0.085722	0.529857
A14	HIRSUTICAULIS	0.000013	0.000013	0.775949	0.000013	0.000013	0.127798	0.000013	0.000013	0.000013	0.096153	0.000013
A15-10	HIRSUTICAULIS	0.000013	0.000013	0.595066	0.000013	0.000013	0.000013	0.000013	0.000013	0.000013	0.404821	0.000013
A15-11	HIRSUTICAULIS	0.000013	0.000013	0.553335	0.000013	0.000013	0.000013	0.000013	0.000013	0.000013	0.446552	0.000013
A15-12	HIRSUTICAULIS	0.038921	0.000013	0.500053	0.000013	0.000013	0.000013	0.000013	0.000013	0.000013	0.460925	0.000013
A15-13	HIRSUTICAULIS	0.000013	0.000013	0.581144	0.000013	0.000013	0.000013	0.000013	0.000013	0.000013	0.418743	0.000013
A15-15	HIRSUTICAULIS	0.000013	0.000013	0.494408	0.000013	0.000013	0.000013	0.000013	0.000013	0.000013	0.50548	0.000013
A15-2	HIRSUTICAULIS	0.000013	0.000013	0.556151	0.000013	0.000013	0.000013	0.000013	0.000013	0.000013	0.443736	0.000013
A15-3	HIRSUTICAULIS	0.000013	0.000013	0.589457	0.000013	0.000013	0.000013	0.000013	0.000013	0.000013	0.41043	0.000013
A15-4	HIRSUTICAULIS	0.000013	0.000013	0.579304	0.000013	0.000013	0.000013	0.000013	0.000013	0.000013	0.420583	0.000013
A15-5	HIRSUTICAULIS	0.000013	0.000013	0.594853	0.000013	0.000013	0.000013	0.000013	0.000013	0.000013	0.405034	0.000013
A15-6	HIRSUTICAULIS	0.303012	0.000013	0.000013	0.000013	0.000013	0.000013	0.000013	0.000013	0.000013	0.696875	0.000013
A15-7	HIRSUTICAULIS	0.358193	0.000013	0.000013	0.000013	0.000013	0.000013	0.000013	0.000013	0.000013	0.641694	0.000013
A15-8	HIRSUTICAULIS	0.000013	0.000013	0.438443	0.000013	0.000013	0.000013	0.000013	0.000013	0.000013	0.561443	0.000013
A15-9	HIRSUTICAULIS	0.000013	0.000013	0.638387	0.000013	0.000013	0.000013	0.000013	0.000013	0.000013	0.361501	0.000013
A16-1	GRAYANA	0.000013	0.000013	0.000013	0.000013	0.000013	0.999871	0.000013	0.000013	0.000013	0.000013	0.000013
A16-10	GRAYANA	0.000013	0.000013	0.000013	0.000013	0.000013	0.999875	0.000013	0.000013	0.000013	0.000013	0.000013
A16-11	GRAYANA	0.000013	0.000013	0.000013	0.000013	0.000013	0.999874	0.000013	0.000013	0.000013	0.000013	0.000013
A16-12	GRAYANA	0.000013	0.000013	0.000013	0.000013	0.000013	0.999875	0.000013	0.000013	0.000013	0.000013	0.000013
A16-2	GRAYANA	0.000013	0.000013	0.000013	0.000013	0.000013	0.999874	0.000013	0.000013	0.000013	0.000013	0.000013
A16-3	GRAYANA	0.000013	0.000013	0.000013	0.000013	0.000013	0.999868	0.000013	0.000013	0.000013	0.000013	0.000013
A16-4	GRAYANA	0.000013	0.000013	0.000013	0.000013	0.000013	0.999871	0.000013	0.000013	0.000013	0.000013	0.000013
A16-6	GRAYANA	0.000013	0.000013	0.000013	0.000013	0.000013	0.99987	0.000013	0.000013	0.000013	0.000013	0.000013
A16-8	GRAYANA	0.000013	0.000013	0.000013	0.000013	0.000013	0.999874	0.000013	0.000013	0.000013	0.000013	0.000013
A16-9	GRAYANA	0.000013	0.000013	0.000013	0.000013	0.000013	0.999874	0.000013	0.000013	0.000013	0.000013	0.000013
A17-1	RICHARDSONII	0.000013	0.000013	0.000013	0.000013	0.000013	0.000013	0.000013	0.000013	0.000013	0.999874	0.000013
A17-2	RICHARDSONII	0.000013	0.000013	0.000013	0.000013	0.000013	0.000013	0.000013	0.000013	0.000013	0.999874	0.000013
A17-3	RICHARDSONII	0.000013	0.000013	0.000013	0.000013	0.000013	0.000013	0.000013	0.000013	0.000013	0.999874	0.000013
A17-4	RICHARDSONII	0.000013	0.000013	0.000013	0.000013	0.000013	0.000013	0.000013	0.000013	0.000013	0.999874	0.000013
A17-5	RICHARDSONII	0.000013	0.000013	0.000013	0.000013	0.000013	0.000013	0.000013	0.000013	0.000013	0.999874	0.000013
A17-6	RICHARDSONII	0.000013	0.000013	0.000013	0.000013	0.000013	0.000013	0.000013	0.000013	0.000013	0.999875	0.000013
A17-7	RICHARDSONII	0.000013	0.000013	0.000013	0.000013	0.000013	0.000013	0.000013	0.000013	0.000013	0.999875	0.000013
A17-8	RICHARDSONII	0.000013	0.000013	0.000013	0.000013	0.000013	0.000013	0.000013	0.000013	0.000013	0.999875	0.000013
A17-9	RICHARDSONII	0.000013	0.000013	0.000013	0.000013	0.000013	0.000013	0.000013	0.000013	0.000013	0.999875	0.000013
A2-3	CALYCOSA	0.000013	0.187351	0.000013	0.000013	0.812536	0.000013	0.000013	0.000013	0.000013	0.000013	0.000013
A2-4	CALYCOSA	0.000013	0.26494	0.000013	0.069269	0.665687	0.000013	0.000013	0.000013	0.000013	0.000013	0.000013
A21-1	RICHARDSONII	0.000013	0.000013	0.000013	0.000013	0.000013	0.000013	0.000013	0.000013	0.000013	0.999874	0.000013
A21-10	RICHARDSONII	0.000013	0.000013	0.000013	0.000013	0.000013	0.000013	0.000013	0.000013	0.000013	0.99987	0.000013
A21-11	RICHARDSONII	0.000013	0.000013	0.000013	0.000013	0.000013	0.000013	0.000013	0.000013	0.000013	0.999875	0.000013
A21-2	RICHARDSONII	0.000013	0.000013	0.000013	0.000013	0.000013	0.000013	0.000013	0.000013	0.000013	0.999872	0.000013
A21-3	RICHARDSONII	0.000013	0.000013	0.000013	0.000013	0.000013	0.000013	0.000013	0.000013	0.000013	0.999874	0.000013
A21-4	RICHARDSONII	0.000013	0.000013	0.000013	0.000013	0.000013	0.000013	0.000013	0.000013	0.000013	0.999874	0.000013
A21-5	RICHARDSONII	0.000013	0.000013	0.000013	0.000013	0.000013	0.000013	0.000013	0.000013	0.000013	0.999874	0.000013
A21-6	RICHARDSONII	0.000013	0.000013	0.000013	0.000013	0.000013	0.000013	0.000013	0.000013	0.000013	0.999875	0.000013
A21-7	RICHARDSONII	0.000013	0.000013	0.000013	0.000013	0.000013	0.000013	0.000013	0.000013	0.000013	0.999874	0.000013
A21-8	RICHARDSONII	0.000013	0.000013	0.000013	0.000013	0.000013	0.000013	0.000013	0.000013	0.000013	0.999871	0.000013
A21-9	RICHARDSONII	0.000013	0.000013	0.000013	0.000013	0.000013	0.000013	0.000013	0.000013	0.000013	0.999873	0.000013
A28-1	CALYCOSA	0.000013	0.082814	0.000013	0.000013	0.120979	0.000013	0.000013	0.000013	0.796106	0.000013	0.000013
A28-2	CALYCOSA	0.000013	0.000013	0.000013	0.000013	0.112307	0.000013	0.000013	0.000013	0.88758	0.000013	0.000013
A28-3	CALYCOSA	0.000013	0.000013	0.000013	0.000013	0.182898	0.000013	0.000013	0.000013	0.816988	0.000013	0.000013
A28-4	CALYCOSA	0.000013	0.000013	0.000013	0.000013	0.170455	0.000013	0.000013	0.000013	0.829431	0.000013	0.000013
A28-5	CALYCOSA	0.000013	0.042873	0.000013	0.000013	0.000013	0.000013	0.000013	0.000013	0.957014	0.000013	0.000013
A28-6	CALYCOSA	0.000013	0.000013	0.026434	0.000013	0.126073	0.000013	0.000013	0.000013	0.847393	0.000013	0.000013
A28-7	CALYCOSA	0.000013	0.000013	0.000013	0.000013	0.084669	0.000013	0.000013	0.000013	0.915218	0.000013	0.000013
A28-8	CALYCOSA	0.000013	0.000013	0.000013	0.000013	0.000013	0.000013	0.000013	0.000013	0.999874	0.000013	0.000013
A28-9	CALYCOSA	0.000013	0.000013	0.000013	0.000013	0.134937	0.000013	0.000013	0.000013	0.86495	0.000013	0.000013
A29-1	CALYCOSA	0.000013	0.000013	0.000013	0.000013	0.130062	0.000013	0.000013	0.033981	0.835856	0.000013	0.000013
A29-10	CALYCOSA	0.000013	0.000013	0.000013	0.000013	0.10879	0.000013	0.000013	0.000013	0.891097	0.000013	0.000013
A29-2	CALYCOSA	0.000013	0.054919	0.069337	0.000013	0.071224	0.000013	0.000013	0.000013	0.804432	0.000013	0.000013
A29-3	CALYCOSA	0.000013	0.000013	0.000013	0.000013	0.143145	0.000013	0.000013	0.000013	0.856742	0.000013	0.000013
A29-4	CALYCOSA	0.000013	0.000013	0.000013	0.000013	0.151542	0.000013	0.000013	0.000013	0.848345	0.000013	0.000013
A29-5	CALYCOSA	0.000013	0.123397	0.000013	0.000013	0.08849	0.000013	0.000013	0.000013	0.788012	0.000013	0.000013
A29-6	CALYCOSA	0.000013	0.078965	0.000013	0.000013	0.098426	0.000013	0.000013	0.000013	0.822508	0.000013	0.000013
A29-7	CALYCOSA	0.000013	0.000013	0.000013	0.000013	0.170213	0.000013	0.000013	0.000013	0.829674	0.000013	0.000013
A29-8	CALYCOSA	0.000013	0.099301	0.000013	0.000013	0.000013	0.000013	0.000013	0.000013	0.900586	0.000013	0.000013
A29-9	CALYCOSA	0.000013	0.106386	0.000013	0.000013	0.000013	0.000013	0.000013	0.000013	0.893501	0.000013	0.000013
A3-1	CALYCOSA	0.000013	0.254226	0.000013	0.000013	0.658066	0.000013	0.020641	0.000013	0.066979	0.000013	0.000013
A3-2	CALYCOSA	0.000013	0.171935	0.000013	0.000013	0.6706	0.000013	0.000013	0.000013	0.157363	0.000013	0.000013
A3-3	CALYCOSA	0.000013	0.18137	0.000013	0.000013	0.57	0.000013	0.000013	0.000013	0.231481	0.000013	0.017056
A3-4	CALYCOSA	0.000013	0.077513	0.000013	0.000013	0.710369	0.000013	0.000013	0.000013	0.212018	0.000013	0.000013
A31	HIRSUTICAULIS	0.000013	0.000013	0.000013	0.000013	0.000013	0.025699	0.000013	0.000013	0.974187	0.000013	0.000013
A32-1	HIRSUTICAULIS	0.000013	0.000013	0.000013	0.000013	0.000013	0.000013	0.000013	0.000013	0.999875	0.000013	0.000013
A32-10	HIRSUTICAULIS	0.000013	0.000013	0.000013	0.000013	0.000013	0.000013	0.000013	0.000013	0.999874	0.000013	0.000013
A32-2	HIRSUTICAULIS	0.000013	0.000013	0.000013	0.000013	0.000013	0.000013	0.000013	0.000013	0.999869	0.000013	0.000013
A32-3	HIRSUTICAULIS	0.000013	0.000013	0.000013	0.000013	0.000013	0.000013	0.000013	0.000013	0.999874	0.000013	0.000013
A32-4	HIRSUTICAULIS	0.000013	0.000013	0.000013	0.000013	0.000013	0.000013	0.000013	0.000013	0.999873	0.000013	0.000013
A32-5	HIRSUTICAULIS	0.000014	0.000014	0.000014	0.000014	0.000014	0.000014	0.000014	0.000014	0.999859	0.000014	0.000014
A32-6	HIRSUTICAULIS	0.000013	0.000013	0.000013	0.000013	0.000013	0.000013	0.000013	0.000013	0.999874	0.000013	0.000013
A32-7	HIRSUTICAULIS	0.000013	0.000013	0.044483	0.000013	0.000013	0.000013	0.000013	0.000013	0.955403	0.000013	0.000013
A32-8	HIRSUTICAULIS	0.000013	0.000013	0.000013	0.000013	0.000013	0.000013	0.000013	0.000013	0.999874	0.000013	0.000013
A32-9	HIRSUTICAULIS	0.000013	0.000013	0.000013	0.000013	0.000013	0.000013	0.000013	0.000013	0.999873	0.000013	0.000013
A33-1	BREVIPETALA	0.000013	0.000013	0.024537	0.000013	0.191717	0.000013	0.000013	0.000013	0.783644	0.000013	0.000013
A33-2	BREVIPETALA	0.000013	0.115986	0.000013	0.000013	0.000013	0.000013	0.000013	0.019307	0.864606	0.000013	0.000013
A33-3	BREVIPETALA	0.000013	0.000013	0.037935	0.000013	0.135546	0.000013	0.000013	0.000013	0.826417	0.000013	0.000013
A33-4	BREVIPETALA	0.000013	0.000013	0.000013	0.000013	0.151557	0.000013	0.052541	0.000013	0.795801	0.000013	0.000013
A33-5	BREVIPETALA	0.000013	0.000013	0.000013	0.000013	0.167209	0.000013	0.056533	0.000013	0.776157	0.000013	0.000013
A33-6	BREVIPETALA	0.000013	0.000013	0.000013	0.000013	0.167535	0.000013	0.041686	0.000013	0.790678	0.000013	0.000013
A34-1	BREVIPETALA	0.000013	0.000013	0.000013	0.000013	0.000013	0.000013	0.000013	0.000013	0.999873	0.000013	0.000013
A34-10	BREVIPETALA	0.000013	0.000013	0.000013	0.000013	0.025977	0.000013	0.000013	0.000013	0.973909	0.000013	0.000013
A34-2	BREVIPETALA	0.000013	0.000013	0.000013	0.000013	0.000013	0.000013	0.000013	0.000013	0.942007	0.000013	0.057877
A34-3	BREVIPETALA	0.000013	0.000013	0.000013	0.000013	0.043901	0.000013	0.000013	0.000013	0.955985	0.000013	0.000013
A34-4	BREVIPETALA	0.000013	0.000013	0.000013	0.000013	0.000013	0.000013	0.000013	0.000013	0.942715	0.000013	0.057172
A34-5	BREVIPETALA	0.000013	0.000013	0.000013	0.000013	0.000013	0.000013	0.000013	0.000013	0.971018	0.000013	0.028868
A34-6	BREVIPETALA	0.000014	0.000014	0.000014	0.000014	0.000014	0.000014	0.000014	0.000014	0.917399	0.000014	0.082472
A34-7	BREVIPETALA	0.000013	0.000013	0.000013	0.000013	0.000013	0.000013	0.000013	0.000013	0.999874	0.000013	0.000013
A34-8	BREVIPETALA	0.000013	0.014437	0.000013	0.000013	0.000013	0.000013	0.000013	0.000013	0.98545	0.000013	0.000013
A34-9	BREVIPETALA	0.062572	0.13493	0.000013	0.000013	0.000013	0.000013	0.089127	0.000013	0.713283	0.000013	0.000013
A35-1	BREVIPETALA	0.000013	0.000013	0.000013	0.000013	0.000013	0.000013	0.000013	0.000013	0.999874	0.000013	0.000013
A35-10	BREVIPETALA	0.000013	0.000013	0.000013	0.000013	0.000013	0.000013	0.000013	0.000013	0.99987	0.000013	0.000013
A35-2	BREVIPETALA	0.000013	0.000013	0.000013	0.000013	0.000013	0.000013	0.000013	0.000013	0.999874	0.000013	0.000013
A35-3	BREVIPETALA	0.000013	0.000013	0.000013	0.000013	0.000013	0.000013	0.000013	0.000013	0.999872	0.000013	0.000013
A35-4	BREVIPETALA	0.000013	0.000013	0.000013	0.000013	0.000013	0.000013	0.000013	0.000013	0.999874	0.000013	0.000013
A35-5	BREVIPETALA	0.000013	0.000013	0.000013	0.000013	0.000013	0.000013	0.000013	0.000013	0.999873	0.000013	0.000013
A35-6	BREVIPETALA	0.000013	0.014469	0.000013	0.000013	0.000013	0.000013	0.000013	0.000013	0.985413	0.000013	0.000013
A35-7	BREVIPETALA	0.000013	0.000013	0.000013	0.000013	0.000013	0.000013	0.000013	0.042214	0.957668	0.000013	0.000013
A35-8	BREVIPETALA	0.000013	0.000013	0.000013	0.000013	0.000013	0.000013	0.000013	0.000013	0.999871	0.000013	0.000013
A35-9	BREVIPETALA	0.000013	0.000013	0.000013	0.000013	0.000013	0.000013	0.000013	0.000013	0.999874	0.000013	0.000013
A36	BREVIPETALA	0.000013	0.170176	0.000013	0.000013	0.000013	0.000013	0.000013	0.000013	0.465145	0.000013	0.364577
A38-1	HIRSUTICAULIS	0.000013	0.000013	0.000013	0.000013	0.064314	0.000013	0.000013	0.000013	0.874674	0.000013	0.060906
A38-2	HIRSUTICAULIS	0.000013	0.000013	0.057577	0.000013	0.052337	0.000013	0.097041	0.063214	0.588066	0.068625	0.07309
A39-1	HIRSUTICAULIS	0.000013	0.000013	0.000013	0.000013	0.000013	0.000013	0.000013	0.000013	0.999872	0.000013	0.000013
A39-10	HIRSUTICAULIS	0.000013	0.000013	0.000013	0.000013	0.000013	0.000013	0.000013	0.000013	0.927066	0.000013	0.07282
A39-11	HIRSUTICAULIS	0.000013	0.000013	0.000013	0.000013	0.000013	0.000013	0.000013	0.000013	0.907828	0.000013	0.092058
A39-2	HIRSUTICAULIS	0.000013	0.000013	0.10543	0.000013	0.000013	0.000013	0.000013	0.000013	0.796565	0.000013	0.097903
A39-3	HIRSUTICAULIS	0.000013	0.000013	0.111664	0.000013	0.000013	0.000013	0.000013	0.000013	0.888221	0.000013	0.000013
A39-4	HIRSUTICAULIS	0.000013	0.000013	0.000013	0.000013	0.000013	0.000013	0.000013	0.000013	0.946112	0.000013	0.053769
A39-5	HIRSUTICAULIS	0.075974	0.000014	0.000014	0.000014	0.000014	0.000014	0.000014	0.000014	0.923899	0.000014	0.000014
A39-6	HIRSUTICAULIS	0.000013	0.000013	0.000013	0.000013	0.000013	0.000013	0.000013	0.000013	0.999872	0.000013	0.000013
A39-7	HIRSUTICAULIS	0.000013	0.000013	0.000013	0.000013	0.000013	0.000013	0.000013	0.000013	0.941428	0.000013	0.058458
A39-8	HIRSUTICAULIS	0.000013	0.000013	0.000013	0.000013	0.000013	0.000013	0.000013	0.000013	0.914393	0.029079	0.056427
A39-9	HIRSUTICAULIS	0.000013	0.000013	0.062442	0.000013	0.033735	0.000013	0.000013	0.000013	0.903721	0.000013	0.000013
A4-1	CALYCOSA	0.000013	0.999874	0.000013	0.000013	0.000013	0.000013	0.000013	0.000013	0.000013	0.000013	0.000013
A4-2	CALYCOSA	0.000013	0.99987	0.000013	0.000013	0.000013	0.000013	0.000013	0.000013	0.000013	0.000013	0.000013
A4-3	CALYCOSA	0.000013	0.817031	0.000013	0.000013	0.182856	0.000013	0.000013	0.000013	0.000013	0.000013	0.000013
A4-4	CALYCOSA	0.000013	0.919754	0.000013	0.000013	0.080134	0.000013	0.000013	0.000013	0.000013	0.000013	0.000013
A4-5	CALYCOSA	0.000013	0.853746	0.000013	0.000013	0.14614	0.000013	0.000013	0.000013	0.000013	0.000013	0.000013
A40	HIRSUTICAULIS	0.000014	0.000014	0.563826	0.000014	0.000014	0.000014	0.000014	0.000014	0.436051	0.000014	0.000014
A40-2	HIRSUTICAULIS	0.000013	0.000013	0.616309	0.000013	0.000013	0.000013	0.000013	0.000013	0.250074	0.000013	0.133516
A40-3	HIRSUTICAULIS	0.000013	0.000013	0.598137	0.000013	0.000013	0.000013	0.000013	0.000013	0.263671	0.000013	0.138091
A41-1	HIRSUTICAULIS	0.000013	0.000013	0.999872	0.000013	0.000013	0.000013	0.000013	0.000013	0.000013	0.000013	0.000013
A41-2	HIRSUTICAULIS	0.000013	0.000013	0.96064	0.000013	0.039247	0.000013	0.000013	0.000013	0.000013	0.000013	0.000013
A41-3	HIRSUTICAULIS	0.000013	0.000013	0.999875	0.000013	0.000013	0.000013	0.000013	0.000013	0.000013	0.000013	0.000013
A42-1	HIRSUTICAULIS	0.063442	0.000013	0.444818	0.000013	0.000013	0.000013	0.000013	0.000013	0.324635	0.167017	0.000013
A42-2	HIRSUTICAULIS	0.000013	0.000013	0.613444	0.000013	0.029079	0.000013	0.000013	0.000013	0.000013	0.357375	0.000013
A42-3	HIRSUTICAULIS	0.000013	0.000013	0.765259	0.000013	0.000013	0.000013	0.000013	0.000013	0.000013	0.234627	0.000013
A42-4	HIRSUTICAULIS	0.000013	0.000013	0.609765	0.000013	0.000013	0.000013	0.000013	0.000013	0.000013	0.390121	0.000013
A43-1	HIRSUTICAULIS	0.000013	0.000013	0.999873	0.000013	0.000013	0.000013	0.000013	0.000013	0.000013	0.000013	0.000013
A43-2	HIRSUTICAULIS	0.000013	0.000013	0.999873	0.000013	0.000013	0.000013	0.000013	0.000013	0.000013	0.000013	0.000013
A43-3	HIRSUTICAULIS	0.000013	0.000013	0.954386	0.000013	0.000013	0.000013	0.000013	0.000013	0.000013	0.0455	0.000013
A44-1	HIRSUTICAULIS	0.000013	0.000013	0.542697	0.000013	0.000013	0.000013	0.000013	0.000013	0.000013	0.45719	0.000013
A44-10	HIRSUTICAULIS	0.000013	0.000013	0.537766	0.000013	0.000013	0.044039	0.000013	0.000013	0.000013	0.418094	0.000013
A44-2	HIRSUTICAULIS	0.000013	0.000013	0.506906	0.000013	0.000013	0.000013	0.000013	0.000013	0.000013	0.49298	0.000013
A44-3	HIRSUTICAULIS	0.000013	0.000013	0.537759	0.000013	0.000013	0.000013	0.000013	0.000013	0.000013	0.462127	0.000013
A44-4	HIRSUTICAULIS	0.000013	0.000013	0.553927	0.000013	0.000013	0.000013	0.000013	0.000013	0.000013	0.445959	0.000013
A44-5	HIRSUTICAULIS	0.000013	0.000013	0.558875	0.000013	0.000013	0.000013	0.000013	0.000013	0.000013	0.441011	0.000013
A44-6	HIRSUTICAULIS	0.000013	0.000013	0.451693	0.000013	0.000013	0.000013	0.000013	0.000013	0.000013	0.548192	0.000013
A44-7	HIRSUTICAULIS	0.000013	0.000013	0.410974	0.000013	0.000013	0.000013	0.000013	0.000013	0.000013	0.588913	0.000013
A44-8	HIRSUTICAULIS	0.000013	0.000013	0.484718	0.000013	0.000013	0.000013	0.000013	0.000013	0.000013	0.515169	0.000013
A44-9	HIRSUTICAULIS	0.000013	0.000013	0.421775	0.000013	0.000013	0.017539	0.000013	0.000013	0.000013	0.560584	0.000013
A45-1	HIRSUTICAULIS	0.999874	0.000013	0.000013	0.000013	0.000013	0.000013	0.000013	0.000013	0.000013	0.000013	0.000013
A45-10	HIRSUTICAULIS	0.999874	0.000013	0.000013	0.000013	0.000013	0.000013	0.000013	0.000013	0.000013	0.000013	0.000013
A45-2	HIRSUTICAULIS	0.999875	0.000013	0.000013	0.000013	0.000013	0.000013	0.000013	0.000013	0.000013	0.000013	0.000013
A45-3	HIRSUTICAULIS	0.999874	0.000013	0.000013	0.000013	0.000013	0.000013	0.000013	0.000013	0.000013	0.000013	0.000013
A45-4	HIRSUTICAULIS	0.999858	0.000014	0.000014	0.000014	0.000014	0.000014	0.000014	0.000014	0.000014	0.000014	0.000014
A45-5	HIRSUTICAULIS	0.999874	0.000013	0.000013	0.000013	0.000013	0.000013	0.000013	0.000013	0.000013	0.000013	0.000013
A45-6	HIRSUTICAULIS	0.999874	0.000013	0.000013	0.000013	0.000013	0.000013	0.000013	0.000013	0.000013	0.000013	0.000013
A45-7	HIRSUTICAULIS	0.999874	0.000013	0.000013	0.000013	0.000013	0.000013	0.000013	0.000013	0.000013	0.000013	0.000013
A45-8	HIRSUTICAULIS	0.855414	0.000013	0.000013	0.000013	0.000013	0.000013	0.000013	0.000013	0.000013	0.144471	0.000013
A45-9	HIRSUTICAULIS	0.999873	0.000013	0.000013	0.000013	0.000013	0.000013	0.000013	0.000013	0.000013	0.000013	0.000013
A46-1	HIRSUTICAULIS	0.999873	0.000013	0.000013	0.000013	0.000013	0.000013	0.000013	0.000013	0.000013	0.000013	0.000013
A46-2	HIRSUTICAULIS	0.999875	0.000013	0.000013	0.000013	0.000013	0.000013	0.000013	0.000013	0.000013	0.000013	0.000013
A46-3	HIRSUTICAULIS	0.999874	0.000013	0.000013	0.000013	0.000013	0.000013	0.000013	0.000013	0.000013	0.000013	0.000013
A46-4	HIRSUTICAULIS	0.958646	0.000013	0.000013	0.000013	0.000013	0.000013	0.000013	0.000013	0.000013	0.041241	0.000013
A46-5	HIRSUTICAULIS	0.999874	0.000013	0.000013	0.000013	0.000013	0.000013	0.000013	0.000013	0.000013	0.000013	0.000013
A46-6	HIRSUTICAULIS	0.999874	0.000013	0.000013	0.000013	0.000013	0.000013	0.000013	0.000013	0.000013	0.000013	0.000013
A46-7	HIRSUTICAULIS	0.883114	0.000012	0.000012	0.000012	0.000012	0.000012	0.000012	0.000012	0.116773	0.000012	0.000012
A46-8	HIRSUTICAULIS	0.999875	0.000013	0.000013	0.000013	0.000013	0.000013	0.000013	0.000013	0.000013	0.000013	0.000013
A47-1	HIRSUTICAULIS	0.999874	0.000013	0.000013	0.000013	0.000013	0.000013	0.000013	0.000013	0.000013	0.000013	0.000013
A47-2	HIRSUTICAULIS	0.999874	0.000013	0.000013	0.000013	0.000013	0.000013	0.000013	0.000013	0.000013	0.000013	0.000013
A47-3	HIRSUTICAULIS	0.762772	0.000013	0.237116	0.000013	0.000013	0.000013	0.000013	0.000013	0.000013	0.000013	0.000013
A47-4	HIRSUTICAULIS	0.824303	0.000013	0.000013	0.000013	0.000013	0.000013	0.000013	0.000013	0.000013	0.175584	0.000013
A47-5	HIRSUTICAULIS	0.870098	0.000013	0.000013	0.000013	0.000013	0.000013	0.000013	0.000013	0.000013	0.129788	0.000013
A48	HIRSUTICAULIS	0.24862	0.000013	0.737991	0.000013	0.013285	0.000013	0.000013	0.000013	0.000013	0.000013	0.000013
A49-1	HIRSUTICAULIS	0.000013	0.000013	0.999869	0.000013	0.000013	0.000013	0.000013	0.000013	0.000013	0.000013	0.000013
A49-10	HIRSUTICAULIS	0.000013	0.000013	0.999874	0.000013	0.000013	0.000013	0.000013	0.000013	0.000013	0.000013	0.000013
A49-11	HIRSUTICAULIS	0.000013	0.000013	0.999874	0.000013	0.000013	0.000013	0.000013	0.000013	0.000013	0.000013	0.000013
A49-12	HIRSUTICAULIS	0.000013	0.000013	0.999874	0.000013	0.000013	0.000013	0.000013	0.000013	0.000013	0.000013	0.000013
A49-2	HIRSUTICAULIS	0.000013	0.000013	0.999875	0.000013	0.000013	0.000013	0.000013	0.000013	0.000013	0.000013	0.000013
A49-3	HIRSUTICAULIS	0.000013	0.000013	0.999874	0.000013	0.000013	0.000013	0.000013	0.000013	0.000013	0.000013	0.000013
A49-4	HIRSUTICAULIS	0.000013	0.000013	0.999874	0.000013	0.000013	0.000013	0.000013	0.000013	0.000013	0.000013	0.000013
A49-5	HIRSUTICAULIS	0.000014	0.000014	0.999859	0.000014	0.000014	0.000014	0.000014	0.000014	0.000014	0.000014	0.000014
A49-6	HIRSUTICAULIS	0.000013	0.000013	0.999874	0.000013	0.000013	0.000013	0.000013	0.000013	0.000013	0.000013	0.000013
A49-7	HIRSUTICAULIS	0.000013	0.000013	0.999874	0.000013	0.000013	0.000013	0.000013	0.000013	0.000013	0.000013	0.000013
A49-8	HIRSUTICAULIS	0.000013	0.000013	0.999874	0.000013	0.000013	0.000013	0.000013	0.000013	0.000013	0.000013	0.000013
A49-9	HIRSUTICAULIS	0.000013	0.000013	0.999874	0.000013	0.000013	0.000013	0.000013	0.000013	0.000013	0.000013	0.000013
A50-1	CAROLINIANA	0.000015	0.000015	0.000015	0.000015	0.000015	0.000015	0.000015	0.999853	0.000015	0.000015	0.000015
A50-2	CAROLINIANA	0.000017	0.000017	0.000017	0.000017	0.000017	0.000017	0.000017	0.999826	0.000017	0.000017	0.000017
A50-4	CAROLINIANA	0.000014	0.000014	0.000014	0.000014	0.000014	0.000014	0.000014	0.999865	0.000014	0.000014	0.000014
A53-1	CALYCOSA	0.000013	0.000013	0.000013	0.000013	0.999874	0.000013	0.000013	0.000013	0.000013	0.000013	0.000013
A53-10	CALYCOSA	0.000013	0.000013	0.000013	0.000013	0.999873	0.000013	0.000013	0.000013	0.000013	0.000013	0.000013
A53-2	CALYCOSA	0.000013	0.000013	0.000013	0.000013	0.999874	0.000013	0.000013	0.000013	0.000013	0.000013	0.000013
A53-3	CALYCOSA	0.000013	0.000013	0.000013	0.000013	0.999874	0.000013	0.000013	0.000013	0.000013	0.000013	0.000013
A53-4	CALYCOSA	0.000013	0.000013	0.000013	0.000013	0.999874	0.000013	0.000013	0.000013	0.000013	0.000013	0.000013
A53-5	CALYCOSA	0.000013	0.000013	0.000013	0.000013	0.999874	0.000013	0.000013	0.000013	0.000013	0.000013	0.000013
A53-6	CALYCOSA	0.000013	0.000013	0.000013	0.000013	0.999875	0.000013	0.000013	0.000013	0.000013	0.000013	0.000013
A53-7	CALYCOSA	0.000013	0.000013	0.000013	0.000013	0.999875	0.000013	0.000013	0.000013	0.000013	0.000013	0.000013
A53-8	CALYCOSA	0.000013	0.000013	0.000013	0.000013	0.999874	0.000013	0.000013	0.000013	0.000013	0.000013	0.000013
A53-9	CALYCOSA	0.000013	0.000013	0.000013	0.000013	0.999875	0.000013	0.000013	0.000013	0.000013	0.000013	0.000013
A54-1	CALYCOSA	0.000013	0.35291	0.000013	0.000013	0.458593	0.000013	0.000013	0.000013	0.188397	0.000013	0.000013
A54-2	CALYCOSA	0.000013	0.337244	0.000013	0.000013	0.377911	0.000013	0.000013	0.000013	0.284745	0.000013	0.000013
A54-3	CALYCOSA	0.000013	0.35715	0.000013	0.000013	0.432307	0.000013	0.000013	0.000013	0.210444	0.000013	0.000013
A55-1	HETERADENIA	0.000013	0.999874	0.000013	0.000013	0.000013	0.000013	0.000013	0.000013	0.000013	0.000013	0.000013
A55-2	HETERADENIA	0.000013	0.964461	0.000013	0.000013	0.035425	0.000013	0.000013	0.000013	0.000013	0.000013	0.000013
A55-3	HETERADENIA	0.000013	0.999874	0.000013	0.000013	0.000013	0.000013	0.000013	0.000013	0.000013	0.000013	0.000013
A55-4	HETERADENIA	0.000013	0.959639	0.000013	0.000013	0.040248	0.000013	0.000013	0.000013	0.000013	0.000013	0.000013
A55-5	HETERADENIA	0.000013	0.917349	0.000013	0.000013	0.082538	0.000013	0.000013	0.000013	0.000013	0.000013	0.000013
A55-6	HETERADENIA	0.000012	0.999875	0.000012	0.000012	0.000012	0.000012	0.000012	0.000012	0.000012	0.000012	0.000012
A56-1	AMERICANA	0.000012	0.885823	0.000012	0.000012	0.114064	0.000012	0.000012	0.000012	0.000012	0.000012	0.000012
A56-2	AMERICANA	0.000013	0.81593	0.000013	0.000013	0.183958	0.000013	0.000013	0.000013	0.000013	0.000013	0.000013
A56-3	AMERICANA	0.000013	0.769327	0.000013	0.000013	0.23056	0.000013	0.000013	0.000013	0.000013	0.000013	0.000013
A56-4	AMERICANA	0.000013	0.91798	0.000013	0.000013	0.081907	0.000013	0.000013	0.000013	0.000013	0.000013	0.000013
A56-5	AMERICANA	0.000013	0.890916	0.000013	0.000013	0.108971	0.000013	0.000013	0.000013	0.000013	0.000013	0.000013
A56-6	AMERICANA	0.000013	0.793078	0.000013	0.065531	0.141291	0.000013	0.000013	0.000013	0.000013	0.000013	0.000013
A56-7	AMERICANA	0.000012	0.68868	0.000012	0.059369	0.251851	0.000012	0.000012	0.000012	0.000012	0.000012	0.000012
A57	AMERICANA	0.000013	0.330229	0.000013	0.669658	0.000013	0.000013	0.000013	0.000013	0.000013	0.000013	0.000013
A58-1	AMERICANA	0.000013	0.028476	0.000013	0.971411	0.000013	0.000013	0.000013	0.000013	0.000013	0.000013	0.000013
A58-2	AMERICANA	0.000012	0.000012	0.000012	0.999876	0.000012	0.000012	0.000012	0.000012	0.000012	0.000012	0.000012
A58-3	AMERICANA	0.000012	0.000012	0.000012	0.999875	0.000012	0.000012	0.000012	0.000012	0.000012	0.000012	0.000012
A58-4	AMERICANA	0.000013	0.000013	0.000013	0.999874	0.000013	0.000013	0.000013	0.000013	0.000013	0.000013	0.000013
A59-1	AMERICANA	0.000012	0.000012	0.000012	0.999875	0.000012	0.000012	0.000012	0.000012	0.000012	0.000012	0.000012
A59-2	AMERICANA	0.000012	0.000012	0.000012	0.999875	0.000012	0.000012	0.000012	0.000012	0.000012	0.000012	0.000012
A59-3	AMERICANA	0.000013	0.000013	0.000013	0.999875	0.000013	0.000013	0.000013	0.000013	0.000013	0.000013	0.000013
A59-4	AMERICANA	0.000013	0.000013	0.000013	0.999875	0.000013	0.000013	0.000013	0.000013	0.000013	0.000013	0.000013
A59-5	AMERICANA	0.000013	0.000013	0.000013	0.999875	0.000013	0.000013	0.000013	0.000013	0.000013	0.000013	0.000013
A59-6	AMERICANA	0.000013	0.000013	0.000013	0.999875	0.000013	0.000013	0.000013	0.000013	0.000013	0.000013	0.000013
A59-7	AMERICANA	0.000013	0.000013	0.000013	0.999875	0.000013	0.000013	0.000013	0.000013	0.000013	0.000013	0.000013
A59-8	AMERICANA	0.000013	0.000013	0.000013	0.999875	0.000013	0.000013	0.000013	0.000013	0.000013	0.000013	0.000013
A59-9	AMERICANA	0.000013	0.000013	0.000013	0.999875	0.000013	0.000013	0.000013	0.000013	0.000013	0.000013	0.000013
A6-2	CALYCOSA	0.000013	0.82639	0.000013	0.000013	0.173497	0.000013	0.000013	0.000013	0.000013	0.000013	0.000013
A6-3	CALYCOSA	0.000013	0.712919	0.000013	0.000013	0.286967	0.000013	0.000013	0.000013	0.000013	0.000013	0.000013
A60-1	AMERICANA	0.000013	0.000013	0.000013	0.836132	0.000013	0.000013	0.000013	0.163756	0.000013	0.000013	0.000013
A60-2	AMERICANA	0.000013	0.000013	0.000013	0.807303	0.000013	0.000013	0.000013	0.192585	0.000013	0.000013	0.000013
A60-3	AMERICANA	0.000012	0.000012	0.000012	0.805039	0.000012	0.000012	0.000012	0.194848	0.000012	0.000012	0.000012
A60-4	AMERICANA	0.000013	0.032457	0.000013	0.696533	0.000013	0.000013	0.000013	0.27091	0.000013	0.000013	0.000013
A62-1	HETERADENIA	0.000013	0.857916	0.000013	0.141969	0.000013	0.000013	0.000013	0.000013	0.000013	0.000013	0.000013
A62-2	HETERADENIA	0.000013	0.76485	0.000013	0.200392	0.000013	0.000013	0.000013	0.034656	0.000013	0.000013	0.000013
A62-3	HETERADENIA	0.000013	0.727627	0.000013	0.231613	0.000013	0.000013	0.000013	0.040658	0.000013	0.000013	0.000013
A63-1	HETERADENIA	0.000013	0.891944	0.000013	0.107942	0.000013	0.000013	0.000013	0.000013	0.000013	0.000013	0.000013
A63-10	HETERADENIA	0.000013	0.999873	0.000013	0.000013	0.000013	0.000013	0.000013	0.000013	0.000013	0.000013	0.000013
A63-2	HETERADENIA	0.000013	0.999873	0.000013	0.000013	0.000013	0.000013	0.000013	0.000013	0.000013	0.000013	0.000013
A63-3	HETERADENIA	0.000013	0.999873	0.000013	0.000013	0.000013	0.000013	0.000013	0.000013	0.000013	0.000013	0.000013
A63-4	HETERADENIA	0.000013	0.999873	0.000013	0.000013	0.000013	0.000013	0.000013	0.000013	0.000013	0.000013	0.000013
A63-5	HETERADENIA	0.000013	0.999873	0.000013	0.000013	0.000013	0.000013	0.000013	0.000013	0.000013	0.000013	0.000013
A63-6	HETERADENIA	0.000013	0.999874	0.000013	0.000013	0.000013	0.000013	0.000013	0.000013	0.000013	0.000013	0.000013
A63-7	HETERADENIA	0.000013	0.999873	0.000013	0.000013	0.000013	0.000013	0.000013	0.000013	0.000013	0.000013	0.000013
A63-8	HETERADENIA	0.000013	0.999874	0.000013	0.000013	0.000013	0.000013	0.000013	0.000013	0.000013	0.000013	0.000013
A63-9	HETERADENIA	0.000013	0.908488	0.000013	0.091398	0.000013	0.000013	0.000013	0.000013	0.000013	0.000013	0.000013
A7-1	AMERICANA	0.000013	0.000013	0.000013	0.000013	0.602803	0.000013	0.000013	0.288347	0.108749	0.000013	0.000013
A7-2	AMERICANA	0.000012	0.000012	0.000012	0.000012	0.588745	0.000012	0.000012	0.304603	0.106552	0.000012	0.000012
A7-3	AMERICANA	0.000013	0.000013	0.000013	0.000013	0.610548	0.000013	0.000013	0.255942	0.133409	0.000013	0.000013
A7-4	AMERICANA	0.000013	0.000013	0.000013	0.000013	0.575576	0.000013	0.000013	0.30052	0.123803	0.000013	0.000013
A8	CALYCOSA	0.000013	0.12615	0.000013	0.000013	0.773575	0.000013	0.000013	0.000013	0.100175	0.000013	0.000013
A9-1	HIRSUTICAULIS	0.000013	0.000013	0.000013	0.000013	0.000013	0.472496	0.000013	0.000013	0.000013	0.163645	0.363757
A9-3	HIRSUTICAULIS	0.000014	0.000014	0.000014	0.000014	0.000014	0.402687	0.000014	0.000014	0.000014	0.220014	0.377189
A9-4	HIRSUTICAULIS	0.000013	0.000013	0.259424	0.000013	0.000013	0.40318	0.000013	0.000013	0.029716	0.000013	0.307588
E1	CALYCOSA	0.000019	0.233623	0.000019	0.000019	0.447982	0.000019	0.000019	0.000019	0.247142	0.000019	0.071122
E12	CALYCOSA	0.000018	0.13545	0.000018	0.000018	0.371133	0.000018	0.000018	0.000018	0.49327	0.000018	0.000018
E1415	AMERICANA	0.000018	0.000018	0.000018	0.000018	0.500256	0.000018	0.000018	0.288299	0.2113	0.000018	0.000018
E1416	AMERICANA	0.000017	0.000017	0.000017	0.000017	0.373351	0.000017	0.000017	0.490188	0.136322	0.000017	0.000017
E1419	AMERICANA	0.000016	0.000016	0.000016	0.022785	0.154154	0.000016	0.000016	0.822935	0.000016	0.000016	0.000016
E1420	AMERICANA	0.000019	0.235503	0.000019	0.306159	0.000019	0.000019	0.000019	0.458188	0.000019	0.000019	0.000019
E1421	AMERICANA	0.000017	0.000017	0.000017	0.000017	0.288444	0.000017	0.000017	0.550354	0.161063	0.000017	0.000017
E1422	AMERICANA	0.000018	0.000018	0.000018	0.000018	0.422542	0.000018	0.000018	0.332415	0.244896	0.000018	0.000018
E1423	AMERICANA	0.000017	0.070669	0.000017	0.000017	0.211011	0.000017	0.000017	0.71818	0.000017	0.000017	0.000017
E1426	AMERICANA	0.000018	0.138447	0.000018	0.000018	0.454204	0.000018	0.000018	0.341408	0.065814	0.000018	0.000018
E1427	AMERICANA	0.000019	0.000019	0.000019	0.000019	0.414882	0.000019	0.000019	0.418478	0.16649	0.000019	0.000019
E1429	AMERICANA	0.000018	0.000018	0.000018	0.102701	0.408252	0.000018	0.000018	0.365955	0.000018	0.000018	0.122966
E1430	AMERICANA	0.000017	0.367361	0.000017	0.142662	0.284103	0.000017	0.000017	0.205751	0.000017	0.000017	0.000017
E1432	AMERICANA	0.000018	0.054822	0.000018	0.000018	0.294979	0.000018	0.000018	0.650058	0.000018	0.000018	0.000018
E1435	CAROLINIANA	0.000018	0.000018	0.000018	0.000018	0.000018	0.000018	0.000018	0.960637	0.039199	0.000018	0.000018
E1436	CAROLINIANA	0.000018	0.000018	0.000018	0.000018	0.000018	0.000018	0.000018	0.999817	0.000018	0.000018	0.000018
E1438	CAROLINIANA	0.000019	0.000019	0.000019	0.000019	0.038908	0.000019	0.000019	0.960926	0.000019	0.000019	0.000019
E1457	CALYCOSA	0.00002	0.866494	0.00002	0.13333	0.00002	0.00002	0.00002	0.00002	0.00002	0.00002	0.00002
E1459	HIRSUTICAULIS	0.000019	0.000019	0.226236	0.000019	0.11297	0.000019	0.000019	0.000019	0.580782	0.000019	0.079879
E1469	BREVIPETALA	0.000019	0.736916	0.000019	0.190116	0.000019	0.000019	0.07282	0.000019	0.000019	0.000019	0.000019
E1470	BREVIPETALA	0.000018	0.079346	0.000018	0.000018	0.359018	0.000018	0.000018	0.000018	0.561493	0.000018	0.000018
E1472	BREVIPETALA	0.000017	0.822844	0.000017	0.000017	0.063681	0.000017	0.046314	0.067043	0.000017	0.000017	0.000017
E1473	BREVIPETALA	0.000018	0.257078	0.000018	0.000018	0.35085	0.000018	0.000018	0.000018	0.299654	0.000018	0.09229
E1474	BREVIPETALA	0.000018	0.643906	0.000018	0.147291	0.078229	0.000018	0.030851	0.099614	0.000018	0.000018	0.000018
E1475	BREVIPETALA	0.000018	0.479177	0.000018	0.000018	0.198023	0.000018	0.000018	0.067873	0.254804	0.000018	0.000018
E1476	BREVIPETALA	0.000018	0.505671	0.000018	0.192314	0.000018	0.000018	0.197988	0.043844	0.000018	0.000018	0.060072
E1477	AMERICANA	0.000019	0.578791	0.000019	0.281289	0.064757	0.000019	0.000019	0.000019	0.000019	0.000019	0.075031
E1482	BREVIPETALA	0.000018	0.812274	0.000018	0.135909	0.000018	0.000018	0.000018	0.000018	0.000018	0.000018	0.051673
E1486	BREVIPETALA	0.000018	0.148002	0.000018	0.756637	0.095219	0.000018	0.000018	0.000018	0.000018	0.000018	0.000018
E1490	AMERICANA	0.000019	0.000019	0.000019	0.248119	0.000019	0.000019	0.751709	0.000019	0.000019	0.000019	0.000019
E1491	AMERICANA	0.000018	0.000018	0.000018	0.187725	0.000018	0.000018	0.000018	0.812114	0.000018	0.000018	0.000018
E1492	AMERICANA	0.000017	0.000017	0.000017	0.239413	0.000017	0.000017	0.76043	0.000017	0.000017	0.000017	0.000017
E1493	AMERICANA	0.000017	0.000017	0.000017	0.258104	0.000017	0.000017	0.582771	0.158986	0.000017	0.000017	0.000017
E1494	AMERICANA	0.000017	0.000017	0.000017	0.154651	0.000017	0.000017	0.456301	0.354669	0.000017	0.000017	0.034262
E1495	AMERICANA	0.000016	0.000016	0.000016	0.111608	0.000016	0.000016	0.58558	0.103174	0.000016	0.000016	0.199525
E1496	AMERICANA	0.000017	0.000017	0.000017	0.000017	0.000017	0.000017	0.691182	0.308667	0.000017	0.000017	0.000017
E1497	PUBESCENS	0.000016	0.000016	0.000016	0.590082	0.000016	0.000016	0.409771	0.000016	0.000016	0.000016	0.000016
E1498	AMERICANA	0.000016	0.000016	0.000016	0.430618	0.000016	0.000016	0.569234	0.000016	0.000016	0.000016	0.000016
E1499	AMERICANA	0.000017	0.000017	0.000017	0.157378	0.000017	0.000017	0.557871	0.22875	0.055882	0.000017	0.000017
E1500	AMERICANA	0.000016	0.000016	0.000016	0.077124	0.000016	0.000016	0.134587	0.788159	0.000016	0.000016	0.000016
E1501	AMERICANA	0.00002	0.00002	0.00002	0.257499	0.00002	0.00002	0.534189	0.208156	0.00002	0.00002	0.00002
E1502	AMERICANA	0.000017	0.000017	0.000017	0.000017	0.000017	0.000017	0.125993	0.873853	0.000017	0.000017	0.000017
E1503	AMERICANA	0.000016	0.000016	0.000016	0.075181	0.000016	0.000016	0.565392	0.359296	0.000016	0.000016	0.000016
E1504	AMERICANA	0.000018	0.000018	0.000018	0.244927	0.000018	0.000018	0.302692	0.452239	0.000018	0.000018	0.000018
E1505	AMERICANA	0.000017	0.000017	0.000017	0.000017	0.000017	0.000017	0.451087	0.300578	0.000017	0.000017	0.248196
E1506	AMERICANA	0.000017	0.000017	0.000017	0.000017	0.000017	0.000017	0.36461	0.478216	0.000017	0.000017	0.157036
E1507	AMERICANA	0.000017	0.000017	0.000017	0.073761	0.000017	0.000017	0.486355	0.320803	0.000017	0.000017	0.118962
E1508	AMERICANA	0.000017	0.000017	0.000017	0.000017	0.000017	0.000017	0.999828	0.000017	0.000017	0.000017	0.000017
E1510	AMERICANA	0.000017	0.000017	0.000017	0.15647	0.000017	0.000017	0.717556	0.125837	0.000017	0.000017	0.000017
E1512	AMERICANA	0.000018	0.000018	0.000018	0.000018	0.000018	0.000018	0.424255	0.23118	0.000018	0.000018	0.344417
E1513	AMERICANA	0.000016	0.307834	0.000016	0.531399	0.000016	0.000016	0.160636	0.000016	0.000016	0.000016	0.000016
E1514	AMERICANA	0.000018	0.000018	0.000018	0.121438	0.000018	0.012667	0.433254	0.000018	0.000018	0.000018	0.432516
E1515	CALYCOSA	0.000018	0.357034	0.000018	0.000018	0.199187	0.000018	0.000018	0.000018	0.443637	0.000018	0.000018
E1516	CALYCOSA	0.000018	0.05036	0.000018	0.000018	0.123274	0.000018	0.000018	0.105554	0.720683	0.000018	0.000018
E1517	BREVIPETALA	0.525505	0.000019	0.443034	0.000019	0.000019	0.000019	0.031309	0.000019	0.000019	0.000019	0.000019
E1518	BREVIPETALA	0.138105	0.000018	0.787781	0.073969	0.000018	0.000018	0.000018	0.000018	0.000018	0.000018	0.000018
E1519	CALYCOSA	0.000017	0.081946	0.000017	0.000017	0.306352	0.000017	0.000017	0.363143	0.248438	0.000017	0.000017
E1520	BREVIPETALA	0.193899	0.000016	0.714959	0.000016	0.000016	0.000016	0.000016	0.000016	0.091012	0.000016	0.000016
E1521	AMERICANA	0.000018	0.000018	0.000018	0.000018	0.000018	0.000018	0.312835	0.000018	0.000018	0.000018	0.687004
E1522	AMERICANA	0.000018	0.000018	0.000018	0.000018	0.000018	0.000018	0.999823	0.000018	0.000018	0.000018	0.000018
E1523	HIRSUTICAULIS	0.000018	0.000018	0.922749	0.000018	0.000018	0.000018	0.000018	0.000018	0.077088	0.000018	0.000018
E1524	HIRSUTICAULIS	0.000019	0.000019	0.905401	0.045389	0.000019	0.000019	0.000019	0.000019	0.000019	0.000019	0.049058
E1525	HIRSUTICAULIS	0.585979	0.000019	0.413848	0.000019	0.000019	0.000019	0.000019	0.000019	0.000019	0.000019	0.000019
E1526	HIRSUTICAULIS	0.68337	0.000017	0.316474	0.000017	0.000017	0.000017	0.000017	0.000017	0.000017	0.000017	0.000017
E1527	HIRSUTICAULIS	0.355619	0.000019	0.482771	0.000019	0.000019	0.034608	0.000019	0.000019	0.000019	0.126872	0.000019
E1529	HIRSUTICAULIS	0.204068	0.000018	0.7297	0.000018	0.000018	0.000018	0.000018	0.000018	0.000018	0.06609	0.000018
E1531	HIRSUTICAULIS	0.000016	0.000016	0.947903	0.000016	0.000016	0.000016	0.000016	0.000016	0.000016	0.051951	0.000016
E1532	HIRSUTICAULIS	0.144181	0.000018	0.855654	0.000018	0.000018	0.000018	0.000018	0.000018	0.000018	0.000018	0.000018
E1533	HIRSUTICAULIS	0.000018	0.000018	0.931411	0.000018	0.000018	0.000018	0.000018	0.000018	0.000018	0.068431	0.000018
E1534	HIRSUTICAULIS	0.175734	0.000018	0.774915	0.000018	0.000018	0.000018	0.000018	0.000018	0.049207	0.000018	0.000018
E1535	HIRSUTICAULIS	0.637486	0.000019	0.000019	0.000019	0.000019	0.000019	0.000019	0.000019	0.023997	0.338369	0.000019
E1536	HIRSUTICAULIS	0.000017	0.100663	0.000017	0.000017	0.000017	0.000017	0.000017	0.000017	0.45997	0.000017	0.439228
E1537	HIRSUTICAULIS	0.000017	0.000017	0.103111	0.000017	0.000017	0.000017	0.000017	0.000017	0.63799	0.000017	0.258762
E1538	HIRSUTICAULIS	0.00002	0.00002	0.077624	0.00002	0.00002	0.00002	0.00002	0.00002	0.663252	0.00002	0.258967
E1539	HIRSUTICAULIS	0.000017	0.043666	0.19814	0.000017	0.000017	0.000017	0.000017	0.000017	0.758056	0.000017	0.000017
E1540	HIRSUTICAULIS	0.000017	0.000017	0.000017	0.000017	0.000017	0.000017	0.000017	0.000017	0.852872	0.107945	0.039048
E1541	HETERADENIA	0.000018	0.000018	0.000018	0.000018	0.448057	0.000018	0.000018	0.308639	0.243162	0.000018	0.000018
E1542	CALYCOSA	0.000016	0.067531	0.000016	0.000016	0.450722	0.000016	0.000016	0.221249	0.260386	0.000016	0.000016
E1543	HIRSUTICAULIS	0.000018	0.000018	0.000018	0.000018	0.000018	0.000018	0.080177	0.000018	0.771803	0.000018	0.147879
E1544	BREVIPETALA	0.000017	0.99983	0.000017	0.000017	0.000017	0.000017	0.000017	0.000017	0.000017	0.000017	0.000017
E1546	HISPIDA	0.000019	0.000019	0.000019	0.000019	0.000019	0.000019	0.99981	0.000019	0.000019	0.000019	0.000019
E1547	HISPIDA	0.000016	0.000016	0.000016	0.000016	0.000016	0.000016	0.999836	0.000016	0.000016	0.000016	0.000016
E1548	HISPIDA	0.000017	0.000017	0.000017	0.214977	0.000017	0.000017	0.784869	0.000017	0.000017	0.000017	0.000017
E1549	HISPIDA	0.000018	0.000018	0.000018	0.203987	0.000018	0.000018	0.79585	0.000018	0.000018	0.000018	0.000018
E1550	HISPIDA	0.000017	0.000017	0.000017	0.320838	0.000017	0.000017	0.679012	0.000017	0.000017	0.000017	0.000017
E1551	HISPIDA	0.000015	0.000015	0.000015	0.249624	0.000015	0.000015	0.750244	0.000015	0.000015	0.000015	0.000015
E1552	HISPIDA	0.000018	0.000018	0.000018	0.360427	0.000018	0.000018	0.639414	0.000018	0.000018	0.000018	0.000018
E1553	HISPIDA	0.000019	0.000019	0.000019	0.300338	0.000019	0.000019	0.699496	0.000019	0.000019	0.000019	0.000019
E1554	HISPIDA	0.000017	0.000017	0.000017	0.356823	0.000017	0.000017	0.643027	0.000017	0.000017	0.000017	0.000017
E1556	HISPIDA	0.000016	0.000016	0.000016	0.37437	0.000016	0.000016	0.62549	0.000016	0.000016	0.000016	0.000016
E1557	HISPIDA	0.000017	0.000017	0.000017	0.000017	0.000017	0.000017	0.967345	0.032501	0.000017	0.000017	0.000017
E1558	HISPIDA	0.000019	0.000019	0.000019	0.417182	0.000019	0.000019	0.582652	0.000019	0.000019	0.000019	0.000019
E1559	HISPIDA	0.000016	0.000016	0.000016	0.643495	0.000016	0.000016	0.356357	0.000016	0.000016	0.000016	0.000016
E1560	HISPIDA	0.000017	0.000017	0.000017	0.547417	0.000017	0.000017	0.452427	0.000017	0.000017	0.000017	0.000017
E1561	HISPIDA	0.000016	0.000016	0.000016	0.50697	0.000016	0.000016	0.492889	0.000016	0.000016	0.000016	0.000016
E1562	HISPIDA	0.000017	0.147284	0.000017	0.686513	0.000017	0.000017	0.166065	0.000017	0.000017	0.000017	0.000017
E1563	HISPIDA	0.000016	0.000016	0.000016	0.000016	0.000016	0.000016	0.959521	0.000016	0.000016	0.000016	0.040334
E1564	HISPIDA	0.000015	0.000015	0.000015	0.576891	0.000015	0.000015	0.422975	0.000015	0.000015	0.000015	0.000015
E1565	HISPIDA	0.000017	0.000017	0.000017	0.4337	0.000017	0.000017	0.566147	0.000017	0.000017	0.000017	0.000017
E1566	HISPIDA	0.000017	0.000017	0.000017	0.399178	0.000017	0.000017	0.51337	0.08732	0.000017	0.000017	0.000017
E1567	HISPIDA	0.000016	0.000016	0.000016	0.627723	0.000016	0.000016	0.372137	0.000016	0.000016	0.000016	0.000016
E1568	HISPIDA	0.000018	0.000018	0.000018	0.438477	0.000018	0.000018	0.561362	0.000018	0.000018	0.000018	0.000018
E1569	HISPIDA	0.000018	0.412685	0.000018	0.358999	0.000018	0.000018	0.228174	0.000018	0.000018	0.000018	0.000018
E1570	HISPIDA	0.000017	0.334938	0.000017	0.478499	0.000017	0.000017	0.186429	0.000017	0.000017	0.000017	0.000017
E1571	HISPIDA	0.000018	0.47664	0.000018	0.34474	0.000018	0.000018	0.178476	0.000018	0.000018	0.000018	0.000018
E1572	HISPIDA	0.000017	0.000017	0.000017	0.663321	0.000017	0.000017	0.295714	0.040827	0.000017	0.000017	0.000017
E1573	HISPIDA	0.000016	0.000016	0.000016	0.000016	0.000016	0.000016	0.999842	0.000016	0.000016	0.000016	0.000016
E1574	HISPIDA	0.000017	0.000017	0.000017	0.348944	0.000017	0.000017	0.650907	0.000017	0.000017	0.000017	0.000017
E1575	HISPIDA	0.000014	0.000014	0.000014	0.36204	0.000014	0.000014	0.637833	0.000014	0.000014	0.000014	0.000014
E1576	HISPIDA	0.000018	0.000018	0.000018	0.000018	0.000018	0.000018	0.999818	0.000018	0.000018	0.000018	0.000018
E1578	CALYCOSA	0.000015	0.190377	0.000015	0.04588	0.763625	0.000015	0.000015	0.000015	0.000015	0.000015	0.000015
E1579	CALYCOSA	0.000016	0.000016	0.000016	0.000016	0.999836	0.000016	0.000016	0.000016	0.000016	0.000016	0.000016
E1580	HIRSUTICAULIS	0.164716	0.000015	0.835149	0.000015	0.000015	0.000015	0.000015	0.000015	0.000015	0.000015	0.000015
E1581	CALYCOSA	0.031039	0.341224	0.000019	0.000019	0.513953	0.000019	0.000019	0.113649	0.000019	0.000019	0.000019
E1596	PUBESCENS	0.000015	0.033539	0.000015	0.099452	0.000015	0.000015	0.866889	0.000015	0.000015	0.000015	0.000015
E1598	PUBESCENS	0.000016	0.000016	0.000016	0.192463	0.000016	0.000016	0.80739	0.000016	0.000016	0.000016	0.000016
E1599	PUBESCENS	0.000016	0.000016	0.000016	0.489592	0.000016	0.000016	0.510266	0.000016	0.000016	0.000016	0.000016
E1600	PUBESCENS	0.000017	0.000017	0.000017	0.418092	0.000017	0.000017	0.581755	0.000017	0.000017	0.000017	0.000017
E1601	PUBESCENS	0.000017	0.000017	0.000017	0.421053	0.000017	0.000017	0.578792	0.000017	0.000017	0.000017	0.000017
E1602	PUBESCENS	0.000019	0.000019	0.000019	0.37186	0.000019	0.000019	0.564336	0.06365	0.000019	0.000019	0.000019
E1603	PUBESCENS	0.000021	0.000021	0.000021	0.47842	0.000021	0.000021	0.521393	0.000021	0.000021	0.000021	0.000021
E1677	HISPIDA	0.00002	0.00002	0.00002	0.414212	0.00002	0.00002	0.58561	0.00002	0.00002	0.00002	0.00002
E1679	BREVIPETALA	0.000017	0.264702	0.000017	0.110468	0.000017	0.000017	0.124433	0.000017	0.000017	0.000017	0.500281
E1680	HIRSUTICAULIS	0.000017	0.000017	0.624525	0.000017	0.000017	0.000017	0.000017	0.000017	0.000017	0.375319	0.000017
E1681	HIRSUTICAULIS	0.000016	0.000016	0.999845	0.000016	0.000016	0.000016	0.000016	0.000016	0.000016	0.000016	0.000016
E1682	BREVIPETALA	0.000018	0.000018	0.000018	0.000018	0.110935	0.000018	0.166145	0.000018	0.000018	0.000018	0.722776
E1683	BREVIPETALA	0.000016	0.000016	0.000016	0.000016	0.000016	0.000016	0.000016	0.000016	0.000016	0.000016	0.999843
E1684	BREVIPETALA	0.000018	0.000018	0.339839	0.106549	0.000018	0.000018	0.112551	0.000018	0.000018	0.000018	0.440938
E1685	BREVIPETALA	0.000016	0.000016	0.000016	0.000016	0.000016	0.000016	0.000016	0.000016	0.000016	0.000016	0.999839
E1686	BREVIPETALA	0.000017	0.000017	0.000017	0.000017	0.000017	0.000017	0.000017	0.000017	0.000017	0.000017	0.999829
E1687	BREVIPETALA	0.368519	0.000015	0.561174	0.000015	0.000015	0.000015	0.000015	0.000015	0.000015	0.070185	0.000015
E1688	BREVIPETALA	0.000017	0.000017	0.000017	0.000017	0.000017	0.000017	0.018827	0.115722	0.000017	0.000017	0.865316
E1689	BREVIPETALA	0.000019	0.000019	0.000019	0.052591	0.000019	0.000019	0.167712	0.000019	0.000019	0.000019	0.779544
E1690	BREVIPETALA	0.000018	0.000018	0.000018	0.000018	0.000018	0.000018	0.216266	0.000018	0.000018	0.000018	0.78357
E1691	BREVIPETALA	0.000017	0.000017	0.000017	0.122854	0.000017	0.000017	0.020678	0.000017	0.000017	0.000017	0.856336
E1692	BREVIPETALA	0.23878	0.000016	0.680642	0.02777	0.000016	0.052699	0.000016	0.000016	0.000016	0.000016	0.000016
E1693	HIRSUTICAULIS	0.000013	0.000013	0.883911	0.000013	0.000013	0.000013	0.000013	0.000013	0.000013	0.000013	0.11597
E1694	HIRSUTICAULIS	0.00002	0.00002	0.155906	0.00002	0.00002	0.00002	0.00002	0.00002	0.224832	0.0542	0.564924
E1697	HIRSUTICAULIS	0.000017	0.000017	0.427557	0.000017	0.000017	0.000017	0.000017	0.000017	0.429957	0.000017	0.142347
E1698	HIRSUTICAULIS	0.018802	0.000014	0.841517	0.000014	0.000014	0.000014	0.000014	0.000014	0.000014	0.139567	0.000014
E1699	HIRSUTICAULIS	0.000019	0.119433	0.096124	0.000019	0.000019	0.000019	0.000019	0.000019	0.000019	0.000019	0.784294
E1702	HIRSUTICAULIS	0.000017	0.058877	0.000017	0.000017	0.000017	0.180995	0.000017	0.000017	0.000017	0.054168	0.705842
E1703	HIRSUTICAULIS	0.000018	0.000018	0.000018	0.000018	0.000018	0.335882	0.000018	0.000018	0.148294	0.093603	0.422095
E1704	GRAYANA	0.000016	0.000016	0.486682	0.000016	0.000016	0.000016	0.000016	0.000016	0.000016	0.513178	0.000016
E1705	HIRSUTICAULIS	0.000015	0.000015	0.716395	0.000015	0.000015	0.000015	0.023318	0.000015	0.000015	0.260164	0.000015
E1706	HIRSUTICAULIS	0.074857	0.000018	0.924978	0.000018	0.000018	0.000018	0.000018	0.000018	0.000018	0.000018	0.000018
E1707	HIRSUTICAULIS	0.000016	0.000016	0.648931	0.000016	0.000016	0.000016	0.000016	0.000016	0.000016	0.350925	0.000016
E1708	HIRSUTICAULIS	0.300065	0.000017	0.39106	0.000017	0.000017	0.000017	0.000017	0.000017	0.000017	0.308741	0.000017
E1709	BREVIPETALA	0.000015	0.217872	0.000015	0.000015	0.000015	0.000015	0.000015	0.000015	0.000015	0.000015	0.78199
E1711	HIRSUTICAULIS	0.46718	0.000017	0.254282	0.000017	0.000017	0.000017	0.000017	0.000017	0.000017	0.278399	0.000017
E1780	GRAYANA	0.000015	0.000015	0.184292	0.000015	0.000015	0.409861	0.000015	0.000015	0.000015	0.405723	0.000015
E1781	GRAYANA	0.110787	0.000013	0.000013	0.000013	0.000013	0.640697	0.000013	0.000013	0.000013	0.248415	0.000013
E1782	GRAYANA	0.000016	0.000016	0.000016	0.000016	0.000016	0.476762	0.060055	0.000016	0.000016	0.463052	0.000016
E1783	GRAYANA	0.000014	0.000014	0.172904	0.000014	0.000014	0.000014	0.000014	0.000014	0.000014	0.826968	0.000014
E1784	GRAYANA	0.000014	0.000014	0.000014	0.000014	0.000014	0.000014	0.000014	0.000014	0.000014	0.999862	0.000014
E1785	GRAYANA	0.000016	0.000016	0.000016	0.000016	0.000016	0.088432	0.000016	0.000016	0.000016	0.91142	0.000016
E1786	GRAYANA	0.000016	0.000016	0.000016	0.000016	0.000016	0.201546	0.000016	0.000016	0.000016	0.798308	0.000016
E1787	GRAYANA	0.000016	0.000016	0.155135	0.000016	0.000016	0.263387	0.000016	0.000016	0.000016	0.581351	0.000016
E1788	GRAYANA	0.000018	0.000018	0.000018	0.000018	0.000018	0.525379	0.000018	0.000018	0.055399	0.419079	0.000018
E1789	GRAYANA	0.000014	0.000014	0.000014	0.000014	0.000014	0.740083	0.000014	0.000014	0.000014	0.259796	0.000014
E1790	GRAYANA	0.000015	0.000015	0.000015	0.000015	0.000015	0.999848	0.000015	0.000015	0.000015	0.000015	0.000015
E1791	GRAYANA	0.000016	0.000016	0.000016	0.000016	0.000016	0.999842	0.000016	0.000016	0.000016	0.000016	0.000016
E1792	GRAYANA	0.000014	0.000014	0.000014	0.000014	0.000014	0.999861	0.000014	0.000014	0.000014	0.000014	0.000014
E1793	GRAYANA	0.000015	0.000015	0.000015	0.000015	0.000015	0.999846	0.000015	0.000015	0.000015	0.000015	0.000015
E1794	RICHARDSONII	0.097772	0.000017	0.000017	0.000017	0.000017	0.000017	0.000017	0.000017	0.000017	0.902071	0.000017
E1795	HIRSUTICAULIS	0.000016	0.000016	0.276468	0.000016	0.000016	0.723391	0.000016	0.000016	0.000016	0.000016	0.000016
E1796	GRAYANA	0.000017	0.000017	0.000017	0.000017	0.000017	0.614825	0.000017	0.000017	0.000017	0.38502	0.000017
E1797	GRAYANA	0.141549	0.000016	0.318269	0.000016	0.000016	0.089386	0.000016	0.000016	0.000016	0.450686	0.000016
E1798	RICHARDSONII	0.000016	0.000016	0.062491	0.000016	0.000016	0.000016	0.000016	0.000016	0.000016	0.937366	0.000016
E1799	GRAYANA	0.196184	0.000015	0.000015	0.000015	0.000015	0.205554	0.000015	0.000015	0.000015	0.598145	0.000015
E1800	GRAYANA	0.341715	0.000015	0.247626	0.000015	0.000015	0.000015	0.000015	0.000015	0.000015	0.410539	0.000015
E1801	HIRSUTICAULIS	0.000015	0.000015	0.999849	0.000015	0.000015	0.000015	0.000015	0.000015	0.000015	0.000015	0.000015
E1802	RICHARDSONII	0.000015	0.000015	0.000015	0.000015	0.000015	0.076518	0.000015	0.000015	0.000015	0.923345	0.000015
E1804	GRAYANA	0.323081	0.000018	0.251706	0.000018	0.000018	0.000018	0.000018	0.000018	0.000018	0.425072	0.000018
E1805	RICHARDSONII	0.000013	0.000013	0.000013	0.000013	0.000013	0.000013	0.000013	0.000013	0.000013	0.999869	0.000013
E1852	AMERICANA	0.000018	0.000018	0.000018	0.000018	0.000018	0.000018	0.076983	0.922856	0.000018	0.000018	0.000018
E1853	AMERICANA	0.000014	0.000014	0.000014	0.999864	0.000014	0.000014	0.000014	0.000014	0.000014	0.000014	0.000014
E1854	AMERICANA	0.000015	0.127031	0.000015	0.748943	0.000015	0.000015	0.123905	0.000015	0.000015	0.000015	0.000015
E1855	AMERICANA	0.000014	0.000014	0.000014	0.155212	0.000014	0.000014	0.000014	0.844661	0.000014	0.000014	0.000014
E1856	AMERICANA	0.000017	0.000017	0.000017	0.000017	0.000017	0.000017	0.074516	0.925329	0.000017	0.000017	0.000017
E1857	AMERICANA	0.000015	0.000015	0.000015	0.000015	0.000015	0.000015	0.000015	0.999846	0.000015	0.000015	0.000015
E1858	BREVIPETALA	0.000019	0.646676	0.000019	0.301202	0.000019	0.000019	0.000019	0.000019	0.000019	0.051967	0.000019
E1859	AMERICANA	0.000017	0.246703	0.000017	0.655074	0.098087	0.000017	0.000017	0.000017	0.000017	0.000017	0.000017
E1860	AMERICANA	0.000016	0.000016	0.000016	0.000016	0.000016	0.000016	0.074728	0.925132	0.000016	0.000016	0.000016
E1862	AMERICANA	0.000019	0.000019	0.000019	0.000019	0.000019	0.000019	0.139736	0.86009	0.000019	0.000019	0.000019
E1863	AMERICANA	0.000017	0.144801	0.000017	0.85505	0.000017	0.000017	0.000017	0.000017	0.000017	0.000017	0.000017
E1864	AMERICANA	0.000018	0.000018	0.000018	0.999824	0.000018	0.000018	0.000018	0.000018	0.000018	0.000018	0.000018
E1866	AMERICANA	0.000017	0.000017	0.000017	0.053399	0.000017	0.000017	0.141429	0.686346	0.000017	0.000017	0.118708
E1868	AMERICANA	0.000017	0.000017	0.000017	0.000017	0.000017	0.000017	0.000017	0.999825	0.000017	0.000017	0.000017
E1869	AMERICANA	0.000014	0.000014	0.000014	0.000014	0.000014	0.000014	0.000014	0.999863	0.000014	0.000014	0.000014
E1870	AMERICANA	0.000015	0.000015	0.000015	0.000015	0.000015	0.000015	0.000015	0.999846	0.000015	0.000015	0.000015
E1871	AMERICANA	0.000017	0.000017	0.000017	0.000017	0.000017	0.000017	0.047347	0.9525	0.000017	0.000017	0.000017
E1872	AMERICANA	0.000019	0.38017	0.000019	0.619656	0.000019	0.000019	0.000019	0.000019	0.000019	0.000019	0.000019
E1873	AMERICANA	0.000016	0.526743	0.000016	0.473115	0.000016	0.000016	0.000016	0.000016	0.000016	0.000016	0.000016
E1874	AMERICANA	0.000016	0.000016	0.000016	0.06638	0.000016	0.000016	0.000016	0.933476	0.000016	0.000016	0.000016
E1875	AMERICANA	0.000016	0.198423	0.000016	0.801431	0.000016	0.000016	0.000016	0.000016	0.000016	0.000016	0.000016
E1876	AMERICANA	0.000017	0.000017	0.000017	0.000017	0.000017	0.000017	0.204736	0.795115	0.000017	0.000017	0.000017
E1877	AMERICANA	0.000018	0.000018	0.000018	0.917737	0.000018	0.000018	0.082104	0.000018	0.000018	0.000018	0.000018
E1879	AMERICANA	0.000015	0.153576	0.000015	0.846292	0.000015	0.000015	0.000015	0.000015	0.000015	0.000015	0.000015
E1880	AMERICANA	0.00002	0.111233	0.00002	0.782765	0.00002	0.00002	0.105845	0.00002	0.00002	0.00002	0.00002
E1881	AMERICANA	0.000018	0.000018	0.000018	0.029016	0.000018	0.000018	0.000018	0.970823	0.000018	0.000018	0.000018
E1882	AMERICANA	0.000019	0.000019	0.000019	0.000019	0.000019	0.000019	0.090128	0.909705	0.000019	0.000019	0.000019
E1883	AMERICANA	0.000019	0.000019	0.000019	0.000019	0.000019	0.000019	0.077642	0.92219	0.000019	0.000019	0.000019
E1884	AMERICANA	0.000022	0.091223	0.000022	0.000022	0.000022	0.000022	0.322062	0.58654	0.000022	0.000022	0.000022
E1885	AMERICANA	0.000019	0.000019	0.000019	0.000019	0.000019	0.000019	0.000019	0.999814	0.000019	0.000019	0.000019
E1887	AMERICANA	0.00002	0.00002	0.00002	0.00002	0.00002	0.00002	0.021508	0.978316	0.00002	0.00002	0.00002
E1888	AMERICANA	0.000019	0.000019	0.000019	0.000019	0.000019	0.000019	0.081811	0.918014	0.000019	0.000019	0.000019
E1889	AMERICANA	0.000018	0.000018	0.000018	0.000018	0.000018	0.000018	0.000018	0.999822	0.000018	0.000018	0.000018
E1893	AMERICANA	0.000019	0.000019	0.000019	0.000019	0.000019	0.000019	0.143862	0.85597	0.000019	0.000019	0.000019
E1894	AMERICANA	0.000019	0.000019	0.000019	0.000019	0.000019	0.000019	0.000019	0.999806	0.000019	0.000019	0.000019
E1895	AMERICANA	0.000018	0.000018	0.000018	0.000018	0.000018	0.000018	0.000018	0.999822	0.000018	0.000018	0.000018
E1896	AMERICANA	0.000019	0.000019	0.000019	0.000019	0.000019	0.000019	0.000019	0.999807	0.000019	0.000019	0.000019
E1899	AMERICANA	0.000018	0.590598	0.000018	0.409238	0.000018	0.000018	0.000018	0.000018	0.000018	0.000018	0.000018
E1900	AMERICANA	0.000019	0.000019	0.000019	0.000019	0.000019	0.000019	0.000019	0.999811	0.000019	0.000019	0.000019
E1901	AMERICANA	0.000018	0.000018	0.000018	0.000018	0.000018	0.000018	0.077854	0.921987	0.000018	0.000018	0.000018
E1902	AMERICANA	0.000017	0.048252	0.000017	0.773534	0.000017	0.000017	0.178076	0.000017	0.000017	0.000017	0.000017
E1903	AMERICANA	0.000017	0.000017	0.000017	0.714748	0.000017	0.000017	0.285103	0.000017	0.000017	0.000017	0.000017
E1904	AMERICANA	0.000018	0.056642	0.000018	0.854485	0.000018	0.000018	0.088725	0.000018	0.000018	0.000018	0.000018
E1905	CAROLINIANA	0.000019	0.000019	0.000019	0.68847	0.000019	0.000019	0.029876	0.281506	0.000019	0.000019	0.000019
E1911	CAROLINIANA	0.000015	0.000015	0.000015	0.259669	0.0981	0.000015	0.000015	0.642108	0.000015	0.000015	0.000015
E1915	CAROLINIANA	0.000016	0.000016	0.000016	0.000016	0.000016	0.000016	0.000016	0.999842	0.000016	0.000016	0.000016
E1916	AMERICANA	0.000015	0.000015	0.000015	0.000015	0.000015	0.000015	0.000015	0.999846	0.000015	0.000015	0.000015
E1921	CAROLINIANA	0.000016	0.000016	0.000016	0.000016	0.000016	0.000016	0.000016	0.999844	0.000016	0.000016	0.000016
E1924	CAROLINIANA	0.000016	0.000016	0.000016	0.000016	0.000016	0.000016	0.000016	0.999842	0.000016	0.000016	0.000016
E1926	HISPIDA	0.000013	0.000013	0.000013	0.71403	0.000013	0.000013	0.285852	0.000013	0.000013	0.000013	0.000013
E1927	HISPIDA	0.000015	0.202598	0.000015	0.6128	0.000015	0.000015	0.184479	0.000015	0.000015	0.000015	0.000015
E1928	HISPIDA	0.000016	0.000016	0.000016	0.664284	0.000016	0.000016	0.28645	0.049135	0.000016	0.000016	0.000016
E1936	PUBESCENS	0.000015	0.000015	0.000015	0.724352	0.000015	0.000015	0.275514	0.000015	0.000015	0.000015	0.000015
E306-2	ALBA	0.000013	0.000013	0.000013	0.000013	0.000013	0.000013	0.999875	0.000013	0.000013	0.000013	0.000013
E35	CAROLINIANA	0.000016	0.000016	0.000016	0.000016	0.000016	0.000016	0.000016	0.999838	0.000016	0.000016	0.000016
E36	AMERICANA	0.000017	0.000017	0.000017	0.000017	0.424072	0.000017	0.000017	0.524542	0.051251	0.000017	0.000017
E438	BREVIPETALA	0.000018	0.292501	0.000018	0.000018	0.000018	0.000018	0.099609	0.000018	0.000018	0.000018	0.607749
E439	BREVIPETALA	0.000017	0.000017	0.000017	0.000017	0.000017	0.000017	0.000017	0.000017	0.107146	0.000017	0.892698
E440	HIRSUTICAULIS	0.000016	0.000016	0.000016	0.000016	0.095559	0.000016	0.000016	0.000016	0.763871	0.000016	0.140443
E441	HIRSUTICAULIS	0.000016	0.000016	0.000016	0.000016	0.000016	0.000016	0.000016	0.000016	0.999841	0.000016	0.000016
E442	HIRSUTICAULIS	0.000017	0.000017	0.05947	0.000017	0.037129	0.000017	0.000017	0.000017	0.903269	0.000017	0.000017
E443	BREVIPETALA	0.000018	0.746683	0.000018	0.177475	0.000018	0.000018	0.075698	0.000018	0.000018	0.000018	0.000018
E490	BREVIPETALA	0.289633	0.000016	0.628072	0.000016	0.000016	0.000016	0.000016	0.000016	0.04708	0.0351	0.000016
E491	BREVIPETALA	0.296406	0.000019	0.653443	0.000019	0.000019	0.000019	0.049997	0.000019	0.000019	0.000019	0.000019
E492	BREVIPETALA	0.173941	0.000017	0.596615	0.053432	0.000017	0.000017	0.000017	0.000017	0.000017	0.175891	0.000017
E498	HIRSUTICAULIS	0.531719	0.000017	0.409324	0.000017	0.05882	0.000017	0.000017	0.000017	0.000017	0.000017	0.000017
E499	HIRSUTICAULIS	0.234411	0.000015	0.675074	0.000015	0.000015	0.000015	0.000015	0.000015	0.000015	0.090394	0.000015
E500	HIRSUTICAULIS	0.367455	0.000017	0.632395	0.000017	0.000017	0.000017	0.000017	0.000017	0.000017	0.000017	0.000017
E501	HIRSUTICAULIS	0.000015	0.000015	0.999854	0.000015	0.000015	0.000015	0.000015	0.000015	0.000015	0.000015	0.000015
E502	CALYCOSA	0.000014	0.000014	0.000014	0.000014	0.999857	0.000014	0.000014	0.000014	0.000014	0.000014	0.000014
E503	HIRSUTICAULIS	0.000016	0.000016	0.99984	0.000016	0.000016	0.000016	0.000016	0.000016	0.000016	0.000016	0.000016
E505	CALYCOSA	0.000016	0.21002	0.000016	0.000016	0.43035	0.000016	0.000016	0.333266	0.026249	0.000016	0.000016
E506	AMERICANA	0.000016	0.000016	0.000016	0.000016	0.000016	0.000016	0.344389	0.655466	0.000016	0.000016	0.000016
E507	AMERICANA	0.000017	0.081754	0.000017	0.817407	0.000017	0.000017	0.000017	0.1007	0.000017	0.000017	0.000017
E509	BREVIPETALA	0.000015	0.000015	0.924329	0.000015	0.015416	0.000015	0.000015	0.000015	0.000015	0.060139	0.000015
E510	AMERICANA	0.000014	0.000014	0.000014	0.000014	0.000014	0.000014	0.000014	0.99986	0.000014	0.000014	0.000014
E511	CALYCOSA	0.000017	0.044518	0.000017	0.000017	0.191849	0.000017	0.000017	0.135593	0.627922	0.000017	0.000017
E513	HIRSUTICAULIS	0.000015	0.000015	0.870212	0.000015	0.000015	0.067325	0.000015	0.000015	0.062346	0.000015	0.000015
E514	CALYCOSA	0.000015	0.249355	0.000015	0.000015	0.596604	0.000015	0.000015	0.000015	0.153918	0.000015	0.000015
E515	BREVIPETALA	0.000013	0.573321	0.000013	0.145706	0.150388	0.000013	0.000013	0.07457	0.000013	0.000013	0.055939
E516	AMERICANA	0.000014	0.000014	0.000014	0.000014	0.119567	0.000014	0.000014	0.880307	0.000014	0.000014	0.000014
E517	BREVIPETALA	0.000014	0.258747	0.000014	0.000014	0.000014	0.000014	0.000014	0.000014	0.000014	0.000014	0.741124
E518	BREVIPETALA	0.000014	0.738212	0.000014	0.26166	0.000014	0.000014	0.000014	0.000014	0.000014	0.000014	0.000014
E519	AMERICANA	0.000016	0.063254	0.000016	0.000016	0.407908	0.000016	0.000016	0.419568	0.109158	0.000016	0.000016
E521	HIRSUTICAULIS	0.5055	0.00002	0.416614	0.00002	0.00002	0.00002	0.077725	0.00002	0.00002	0.00002	0.00002
E522	CALYCOSA	0.000018	0.26909	0.000018	0.000018	0.730744	0.000018	0.000018	0.000018	0.000018	0.000018	0.000018
E523	BREVIPETALA	0.000018	0.000018	0.000018	0.054549	0.000018	0.056377	0.193853	0.000018	0.000018	0.000018	0.695093
E524	BREVIPETALA	0.000016	0.878999	0.000016	0.120858	0.000016	0.000016	0.000016	0.000016	0.000016	0.000016	0.000016
E542	GRAYANA	0.000017	0.000017	0.000017	0.000017	0.000017	0.813224	0.06756	0.000017	0.000017	0.11908	0.000017
E543	GRAYANA	0.000018	0.000018	0.202694	0.000018	0.000018	0.000018	0.000018	0.000018	0.000018	0.797141	0.000018
E639	RICHARDSONII	0.000017	0.000017	0.000017	0.000017	0.000017	0.000017	0.000017	0.000017	0.000017	0.999835	0.000017
E640	GRAYANA	0.087815	0.000017	0.000017	0.000017	0.000017	0.347254	0.000017	0.000017	0.000017	0.564794	0.000017
E641	RICHARDSONII	0.000016	0.000016	0.000016	0.000016	0.000016	0.919569	0.000016	0.000016	0.000016	0.080285	0.000016
FL-25	LONGIFLORA	0.000013	0.739663	0.000013	0.142906	0.000013	0.000013	0.11733	0.000013	0.000013	0.000013	0.000013
FL-26	LONGIFLORA	0.000013	0.5402	0.000013	0.139347	0.320353	0.000013	0.000013	0.000013	0.000013	0.000013	0.000013
FL-27	LONGIFLORA	0.000013	0.422133	0.000013	0.102375	0.397591	0.000013	0.077812	0.000013	0.000013	0.000013	0.000013
H100-1	PUBESCENS	0.000013	0.000013	0.000013	0.535478	0.000013	0.000013	0.464407	0.000013	0.000013	0.000013	0.000013
H100-10	PUBESCENS	0.000014	0.000014	0.000014	0.567125	0.000014	0.000014	0.432745	0.000014	0.000014	0.000014	0.000014
H100-7	PUBESCENS	0.000014	0.000014	0.000014	0.44241	0.000014	0.000014	0.557464	0.000014	0.000014	0.000014	0.000014
H101-2	HISPIDA	0.000012	0.000012	0.000012	0.000012	0.000012	0.000012	0.999875	0.000012	0.000012	0.000012	0.000012
H101-3	HISPIDA	0.000012	0.000012	0.000012	0.080628	0.000012	0.000012	0.91926	0.000012	0.000012	0.000012	0.000012
H102-1	HISPIDA	0.000013	0.000013	0.000013	0.000013	0.000013	0.000013	0.999875	0.000013	0.000013	0.000013	0.000013
H102-2	HISPIDA	0.000013	0.000013	0.000013	0.000013	0.000013	0.000013	0.999875	0.000013	0.000013	0.000013	0.000013
H102-3	HISPIDA	0.000013	0.000013	0.000013	0.000013	0.000013	0.000013	0.999867	0.000013	0.000013	0.000013	0.000013
H103-1	HISPIDA	0.000013	0.000013	0.000013	0.000013	0.000013	0.000013	0.999875	0.000013	0.000013	0.000013	0.000013
H103-2	HISPIDA	0.000013	0.000013	0.000013	0.040156	0.000013	0.000013	0.959731	0.000013	0.000013	0.000013	0.000013
H104-1	HISPIDA	0.000013	0.14873	0.000013	0.50704	0.000013	0.000013	0.344129	0.000013	0.000013	0.000013	0.000013
H104-2	HISPIDA	0.000013	0.115099	0.000013	0.402062	0.000013	0.000013	0.482738	0.000013	0.000013	0.000013	0.000013
H105-1	RICHARDSONII	0.000013	0.000013	0.000013	0.000013	0.000013	0.079709	0.000013	0.000013	0.000013	0.920178	0.000013
H106-1	RICHARDSONII	0.000013	0.000013	0.000013	0.000013	0.000013	0.000013	0.000013	0.000013	0.000013	0.999874	0.000013
H106-2	RICHARDSONII	0.000013	0.000013	0.000013	0.000013	0.000013	0.000013	0.000013	0.000013	0.000013	0.999875	0.000013
H166-1	GRAYANA	0.000013	0.000013	0.000013	0.000013	0.000013	0.091982	0.000013	0.000013	0.000013	0.907899	0.000013
H166-2	GRAYANA	0.000012	0.000012	0.000012	0.000012	0.000012	0.122611	0.000012	0.000012	0.000012	0.877276	0.000012
H167-1	GRAYANA	0.000013	0.000013	0.000013	0.000013	0.000013	0.596387	0.000013	0.000013	0.000013	0.403499	0.000013
H167-2	GRAYANA	0.000013	0.000013	0.000013	0.000013	0.000013	0.673505	0.000013	0.000013	0.000013	0.326382	0.000013
H177-2	HIRSUTICAULIS	0.000013	0.000013	0.744154	0.000013	0.000013	0.000013	0.000013	0.000013	0.255733	0.000013	0.000013
H214-2	BREVIPETALA	0.000013	0.211365	0.000013	0.000013	0.457242	0.000013	0.000013	0.000013	0.331293	0.000013	0.000013
H216-1	CAROLINIANA	0.000013	0.041171	0.000013	0.000013	0.000013	0.000013	0.000013	0.958711	0.000013	0.000013	0.000013
H216-2	CAROLINIANA	0.000013	0.000013	0.000013	0.000013	0.000013	0.000013	0.000013	0.999874	0.000013	0.000013	0.000013
H246	BREVIPETALA	0.000013	0.000013	0.000013	0.000013	0.000013	0.000013	0.000013	0.000013	0.000013	0.000013	0.999874
H59-1	HIRSUTICAULIS	0.06991	0.000013	0.900064	0.000013	0.000013	0.000013	0.000013	0.000013	0.000013	0.029925	0.000013
H59-2	HIRSUTICAULIS	0.000013	0.000013	0.918258	0.000013	0.000013	0.000013	0.000013	0.000013	0.000013	0.081629	0.000013
H60-1	HIRSUTICAULIS	0.000013	0.000013	0.910413	0.000013	0.000013	0.000013	0.000013	0.000013	0.000013	0.089473	0.000013
H60-2	HIRSUTICAULIS	0.09385	0.000013	0.831036	0.000013	0.000013	0.000013	0.000013	0.000013	0.000013	0.075012	0.000013
H60-3	HIRSUTICAULIS	0.000013	0.000013	0.901956	0.000013	0.000013	0.000013	0.000013	0.000013	0.000013	0.097931	0.000013
H61-1	HIRSUTICAULIS	0.000013	0.000013	0.999875	0.000013	0.000013	0.000013	0.000013	0.000013	0.000013	0.000013	0.000013
H61-2	HIRSUTICAULIS	0.000013	0.000013	0.999875	0.000013	0.000013	0.000013	0.000013	0.000013	0.000013	0.000013	0.000013
H61-3	HIRSUTICAULIS	0.000013	0.000013	0.857751	0.000013	0.000013	0.000013	0.000013	0.000013	0.000013	0.142135	0.000013
H62-1	HIRSUTICAULIS	0.000013	0.000013	0.875717	0.000013	0.124169	0.000013	0.000013	0.000013	0.000013	0.000013	0.000013
H62-2	HIRSUTICAULIS	0.000013	0.000013	0.892992	0.000013	0.106895	0.000013	0.000013	0.000013	0.000013	0.000013	0.000013
H62-4	HIRSUTICAULIS	0.000013	0.000013	0.847622	0.000013	0.061596	0.000013	0.000013	0.000013	0.000013	0.000013	0.090681
H62-5	HIRSUTICAULIS	0.000013	0.000013	0.802041	0.000013	0.168377	0.000013	0.000013	0.000013	0.000013	0.000013	0.029481
H62-6	HIRSUTICAULIS	0.000013	0.000013	0.893442	0.000013	0.106445	0.000013	0.000013	0.000013	0.000013	0.000013	0.000013
H63-1	ALBA	0.000013	0.000013	0.000013	0.000013	0.000013	0.000013	0.999873	0.000013	0.000013	0.000013	0.000013
H63-2	ALBA	0.000012	0.000012	0.000012	0.000012	0.000012	0.000012	0.999875	0.000012	0.000012	0.000012	0.000012
H64-1	ALBA	0.000013	0.000013	0.000013	0.000013	0.000013	0.000013	0.999875	0.000013	0.000013	0.000013	0.000013
H64-2	ALBA	0.000012	0.000012	0.000012	0.000012	0.000012	0.000012	0.999875	0.000012	0.000012	0.000012	0.000012
H70	BREVIPETALA	0.000013	0.14116	0.000013	0.000013	0.000013	0.000013	0.000013	0.000013	0.000013	0.000013	0.85872
H71	BREVIPETALA	0.000013	0.188405	0.000013	0.000013	0.000013	0.000013	0.000013	0.000013	0.000013	0.000013	0.811482
H83-C	BREVIPETALA	0.000013	0.000013	0.000013	0.009448	0.000013	0.000013	0.000013	0.000013	0.000013	0.000013	0.990437
H86-C	BREVIPETALA	0.000013	0.000013	0.000013	0.000013	0.000013	0.000013	0.000013	0.000013	0.000013	0.000013	0.999871
H92-1	AMERICANA	0.000012	0.000012	0.000012	0.999875	0.000012	0.000012	0.000012	0.000012	0.000012	0.000012	0.000012
H92-2	AMERICANA	0.000013	0.094379	0.000013	0.812088	0.000013	0.000013	0.093431	0.000013	0.000013	0.000013	0.000013
H92-3	AMERICANA	0.000013	0.000013	0.000013	0.897286	0.000013	0.000013	0.102598	0.000013	0.000013	0.000013	0.000013
H95	AMERICANA	0.000013	0.000013	0.000013	0.99987	0.000013	0.000013	0.000013	0.000013	0.000013	0.000013	0.000013
H96-1	PUBESCENS	0.000014	0.000014	0.000014	0.527123	0.000014	0.000014	0.472752	0.000014	0.000014	0.000014	0.000014
H96-2	PUBESCENS	0.000013	0.05132	0.000013	0.515408	0.000013	0.000013	0.433171	0.000013	0.000013	0.000013	0.000013
H96-3	PUBESCENS	0.000013	0.000013	0.000013	0.475721	0.000013	0.000013	0.423408	0.100766	0.000013	0.000013	0.000013
I173	ALBA	0.000015	0.000015	0.000015	0.000015	0.000015	0.000015	0.999852	0.000015	0.000015	0.000015	0.000015
I174	ALBA	0.000014	0.000014	0.000014	0.000014	0.000014	0.000014	0.999859	0.000014	0.000014	0.000014	0.000014
I175	ALBA	0.000014	0.000014	0.000014	0.130581	0.000014	0.000014	0.869289	0.000014	0.000014	0.000014	0.000014
I176	ALBA	0.000016	0.000016	0.000016	0.000016	0.000016	0.000016	0.999842	0.000016	0.000016	0.000016	0.000016
I177	ALBA	0.000018	0.000018	0.000018	0.000018	0.000018	0.000018	0.999824	0.000018	0.000018	0.000018	0.000018
I178	ALBA	0.000013	0.000013	0.000013	0.000013	0.000013	0.000013	0.999873	0.000013	0.000013	0.000013	0.000013
I179	ALBA	0.000014	0.000014	0.000014	0.000014	0.000014	0.000014	0.999861	0.000014	0.000014	0.000014	0.000014
I180	ALBA	0.000016	0.000016	0.000016	0.000016	0.000016	0.000016	0.999844	0.000016	0.000016	0.000016	0.000016
I2	BREVIPETALA	0.000013	0.000013	0.036311	0.000013	0.000013	0.000013	0.000013	0.000013	0.000013	0.000013	0.963575
I58	RICHARDSONII	0.000013	0.000013	0.000013	0.000013	0.000013	0.000013	0.000013	0.000013	0.023576	0.97631	0.000013
I65	GRAYANA	0.157371	0.000013	0.000013	0.000013	0.000013	0.579068	0.000013	0.000013	0.000013	0.26346	0.000013
I67	ALBA	0.000013	0.000013	0.000013	0.000013	0.013195	0.000013	0.986691	0.000013	0.000013	0.000013	0.000013
I70	HETERADENIA	0.000013	0.822904	0.000013	0.000013	0.000013	0.000013	0.000013	0.086459	0.090537	0.000013	0.000013
I82	RICHARDSONII	0.000013	0.000013	0.143035	0.000013	0.000013	0.000013	0.000013	0.000013	0.000013	0.856852	0.000013
L1-1	ACEROIDES	0.000014	0.169087	0.000014	0.749457	0.000014	0.000014	0.000014	0.081348	0.000014	0.000014	0.000014
L1-3	ACEROIDES	0.000013	0.26966	0.000013	0.730227	0.000013	0.000013	0.000013	0.000013	0.000013	0.000013	0.000013
L14-1	LONGIFLORA	0.000013	0.588739	0.000013	0.337087	0.000013	0.000013	0.074073	0.000013	0.000013	0.000013	0.000013
L14-2	LONGIFLORA	0.000013	0.537159	0.000013	0.213393	0.000013	0.000013	0.066142	0.000013	0.000013	0.000013	0.183217
L20-1	LONGIFLORA	0.000013	0.641287	0.000013	0.358601	0.000013	0.000013	0.000013	0.000013	0.000013	0.000013	0.000013
L20-2	LONGIFLORA	0.000013	0.51698	0.000013	0.181687	0.000013	0.000013	0.184262	0.000013	0.000013	0.000013	0.116983
L3-1	ACEROIDES	0.000013	0.300116	0.000013	0.699771	0.000013	0.000013	0.000013	0.000013	0.000013	0.000013	0.000013
L3-2	ACEROIDES	0.000013	0.354174	0.000013	0.64571	0.000013	0.000013	0.000013	0.000013	0.000013	0.000013	0.000013
L6-1	LONGIFLORA	0.000013	0.644142	0.000013	0.355745	0.000013	0.000013	0.000013	0.000013	0.000013	0.000013	0.000013
L6-2	LONGIFLORA	0.000013	0.697355	0.000013	0.188549	0.000013	0.000013	0.113996	0.000013	0.000013	0.000013	0.000013
L9-2	LONGIFLORA	0.000013	0.593669	0.000013	0.292476	0.000013	0.000013	0.113749	0.000013	0.000013	0.000013	0.000013